dataset,end-date,entity,entry-date,geojson,geometry,name,organisation-entity,point,prefix,quality,reference,start-date,typology,addressbase-custodian,billing-authority,combined-authority,esd-inventory,local-authority-district,local-authority-type,local-enterprise-partnership,local-planning-authority,local-resilience-forum,notes,opendatacommunities-uri,organisation,parliament-thesaurus,region,statistical-geography,twitter,website,wikidata,wikipedia
local-authority,,26,2025-02-19,,,Adur District Council,26,,local-authority,some,ADU,,organisation,3805,E3831,,,E07000223,NMD,,E60000281,sussex,,http://opendatacommunities.org/id/district-council/adur,,453,E12000008,E07000223,,https://www.adur-worthing.gov.uk,Q72980889,
local-authority,2023-03-31,27,2025-02-19,,,Allerdale Borough Council,27,,local-authority,some,ALL,,organisation,905,E0931,,,E07000026,NMD,,E60000019,cumbria,,http://opendatacommunities.org/id/district-council/allerdale,,1131,E12000002,E07000026,allerdale,https://www.allerdale.gov.uk,Q72980920,
local-authority,,28,2025-02-19,,,Amber Valley Borough Council,28,,local-authority,some,AMB,,organisation,1005,E1031,,,E07000032,NMD,,E60000077,derbyshire,,http://opendatacommunities.org/id/district-council/amber-valley,,1257,E12000004,E07000032,AmberValleyBC,https://www.ambervalley.gov.uk,Q72980961,
local-authority,,29,2025-02-19,,,Arun District Council,29,,local-authority,some,ARU,,organisation,3810,E3832,,,E07000224,NMD,,E60000282,sussex,,http://opendatacommunities.org/id/district-council/arun,,1925,E12000008,E07000224,ArunDistrict,https://www.arun.gov.uk,Q72980967,
local-authority,,30,2025-02-19,,,Ashford Borough Council,30,,local-authority,some,ASF,,organisation,2205,E2231,,,E07000105,NMD,,E60000253,kent,,http://opendatacommunities.org/id/district-council/ashford,,1962,E12000008,E07000105,AshfordCouncil,https://www.ashford.gov.uk,Q55098926,Ashford_Borough_Council
local-authority,,31,2025-02-19,,,Ashfield District Council,31,,local-authority,some,ASH,,organisation,3005,E3031,,,E07000170,NMD,,E60000106,nottinghamshire,,http://opendatacommunities.org/id/district-council/ashfield,,1958,E12000004,E07000170,ADCAshfield,https://www.ashfield.gov.uk,Q73038329,
local-authority,2020-03-31,32,2025-02-19,,,Aylesbury Vale District Council,32,,local-authority,some,AYL,,organisation,405,E0431,,,E07000004,NMD,,E60000233,thames-valley,,http://opendatacommunities.org/id/district-council/aylesbury-vale,,3003,E12000008,E07000004,,https://www.aylesburyvaledc.gov.uk,Q61995983,Aylesbury_Vale_District_Council
local-authority,,33,2025-02-19,,,Babergh District Council,33,,local-authority,some,BAB,,organisation,3505,E3531,,,E07000200,NMD,,E60000183,suffolk,,http://opendatacommunities.org/id/district-council/babergh,,3042,E12000006,E07000200,,https://www.babergh.gov.uk,Q73039037,
local-authority,,34,2025-02-19,,,Bassetlaw District Council,34,,local-authority,some,BAE,,organisation,3010,E3032,,,E07000171,NMD,,E60000107,nottinghamshire,,http://opendatacommunities.org/id/district-council/bassetlaw,,3351,E12000004,E07000171,,https://www.bassetlaw.gov.uk,Q73045241,
local-authority,,35,2025-02-19,,,Basildon Borough Council,35,,local-authority,some,BAI,,organisation,1505,E1531,,,E07000066,NMD,,E60000154,essex,,http://opendatacommunities.org/id/district-council/basildon,,3341,E12000006,E07000066,,https://www.basildon.gov.uk,Q4867303,Basildon_Borough_Council
local-authority,,36,2025-02-19,,,Basingstoke and Deane Borough Council,36,,local-authority,some,BAN,,organisation,1705,E1731,,,E07000084,NMD,,E60000242,hampshire-and-isle-of-wight,,http://opendatacommunities.org/id/district-council/basingstoke,,3343,E12000008,E07000084,,https://www.basingstoke.gov.uk,Q73072528,
local-authority,2023-03-31,37,2025-02-19,,,Barrow-in-Furness Borough Council,37,,local-authority,some,BAR,,organisation,910,E0932,,,E07000027,NMD,,E60000020,cumbria,,http://opendatacommunities.org/id/district-council/barrow-in-furness,,3320,E12000002,E07000027,BarrowCouncil,https://www.barrowbc.gov.uk,Q73072525,
local-authority,,38,2025-02-19,,,Bath and North East Somerset Council,38,,local-authority,some,BAS,1996-04-01,organisation,114,E0101,WECA,,E06000022,UA,,E60000288,avon-and-somerset,,http://opendatacommunities.org/id/unitary-authority/bath-and-north-east-somerset,,3363,E12000009,E06000022,bathnes,https://www.bathnes.gov.uk,Q16966588,Bath_and_North_East_Somerset_Council
local-authority,,39,2025-02-19,,,Blackburn with Darwen Borough Council,39,,local-authority,some,BBD,1998-04-01,organisation,2372,E2301,,,E06000008,UA,,E60000013,lancashire,,http://opendatacommunities.org/id/unitary-authority/blackburn,,3991,E12000002,E06000008,blackburndarwen,https://www.blackburn.gov.uk,Q16984481,Blackburn_with_Darwen_Borough_Council
local-authority,,40,2025-02-19,,,Bedford Borough Council,40,,local-authority,some,BDF,2009-04-01,organisation,235,E0202,,,E06000055,UA,,E60000143,bedfordshire,,http://opendatacommunities.org/id/unitary-authority/bedford,,3490,E12000006,E06000055,BedfordTweets,https://www.bedford.gov.uk,Q16239012,Bedford_Borough_Council
local-authority,,41,2025-02-19,,,London Borough of Barking and Dagenham,41,,local-authority,some,BDG,,organisation,5060,E5030,,,E09000002,LBO,,E60000202,london,,http://opendatacommunities.org/id/london-borough-council/barking-and-dagenham,,3260,E12000007,E09000002,lbbdcouncil,https://www.lbbd.gov.uk,Q4861056,Barking_and_Dagenham_London_Borough_Council
local-authority,,42,2025-02-19,,,London Borough of Brent,42,,local-authority,some,BEN,,organisation,5150,E5033,,,E09000005,LBO,,E60000205,london,,http://opendatacommunities.org/id/london-borough-council/brent,,4304,E12000007,E09000005,,https://www.brent.gov.uk,Q4961461,Brent_London_Borough_Council
local-authority,,43,2025-02-19,,,London Borough of Bexley,43,,local-authority,some,BEX,,organisation,5120,E5032,,,E09000004,LBO,,E60000204,london,,http://opendatacommunities.org/id/london-borough-council/bexley,,3715,E12000007,E09000004,LBofBexley,https://www.bexley.gov.uk,Q4899799,Bexley_London_Borough_Council
local-authority,,44,2025-02-19,,,Birmingham City Council,44,,local-authority,some,BIR,1986-07-01,organisation,4605,E4601,WMCA,,E08000025,MD,,E60000130,west-midlands,,http://opendatacommunities.org/id/metropolitan-district-council/birmingham,,3862,E12000005,E08000025,BhamCityCouncil,https://www.birmingham.gov.uk,Q4916650,Birmingham_City_Council
local-authority,2020-03-31,45,2025-02-19,,,Buckinghamshire County Council,45,,local-authority,some,BKM,1905-06-19,organisation,,E0421,,,E10000002,CTY,,,,,http://opendatacommunities.org/id/county-council/buckinghamshire,,,E12000008,E10000002,,https://www.buckscc.gov.uk,Q4983255,Buckinghamshire_County_Council
local-authority,,46,2025-02-19,,,Blaby District Council,46,,local-authority,some,BLA,,organisation,2405,E2431,,,E07000129,NMD,,E60000085,leicestershire,,http://opendatacommunities.org/id/district-council/blaby,,3944,E12000004,E07000129,BlabyDC,https://www.blaby.gov.uk,Q73072529,
local-authority,2019-03-31,47,2025-02-19,,,Bournemouth Borough Council,47,,local-authority,some,BMH,1905-06-19,organisation,1250,E1202,,,E06000028,UA,,,,,http://opendatacommunities.org/id/unitary-authority/bournemouth,,4145,E12000009,E06000028,BCPCouncil,https://www.bournemouth.gov.uk,Q1144019,Bournemouth_Borough_Council
local-authority,,48,2025-02-19,,,London Borough of Barnet,48,,local-authority,some,BNE,,organisation,5090,E5031,,,E09000003,LBO,,E60000203,london,,http://opendatacommunities.org/id/london-borough-council/barnet,,3278,E12000007,E09000003,barnetcouncil,https://www.barnet.gov.uk,Q4861611,Barnet_London_Borough_Council
local-authority,,49,2025-02-19,,,Brighton and Hove City Council,49,,local-authority,some,BNH,1905-06-19,organisation,1445,E1401,,,E06000043,UA,,E60000222,sussex,,http://opendatacommunities.org/id/unitary-authority/brighton-and-hove,,4379,E12000008,E06000043,BrightonHoveCC,https://www.brighton-hove.gov.uk,Q16953725,Brighton_and_Hove_City_Council
local-authority,,50,2025-02-19,,,Barnsley Metropolitan Borough Council,50,,local-authority,some,BNS,1974-04-01,organisation,4405,E4401,SYMCA,,E08000016,MD,,E60000064,south-yorkshire,,http://opendatacommunities.org/id/metropolitan-district-council/barnsley,,3296,E12000003,E08000016,BarnsleyCouncil,https://www.barnsley.gov.uk,Q16950416,Barnsley_Metropolitan_Borough_Council
local-authority,,51,2025-02-19,,,Bolton Metropolitan Borough Council,51,,local-authority,some,BOL,1974-04-01,organisation,4205,E4201,GMCA,,E08000001,MD,,E60000025,greater-manchester,,http://opendatacommunities.org/id/metropolitan-district-council/bolton,,4026,E12000002,E08000001,boltoncouncil,https://www.bolton.gov.uk,Q16952682,Bolton_Council
local-authority,,52,2025-02-19,,,Bolsover District Council,52,,local-authority,some,BOS,,organisation,1010,E1032,,,E07000033,NMD,,E60000078,derbyshire,,http://opendatacommunities.org/id/district-council/bolsover,,4025,E12000004,E07000033,,https://www.bolsover.gov.uk,Q73072533,
local-authority,,53,2025-02-19,,,Boston Borough Council,53,,local-authority,some,BOT,,organisation,2505,E2531,,,E07000136,NMD,,E60000092,lincolnshire,,http://opendatacommunities.org/id/district-council/boston,,4119,E12000004,E07000136,,https://www.boston.gov.uk,Q73072538,
local-authority,,54,2025-02-19,,,"Bournemouth, Christchurch and Poole Council",54,,local-authority,some,BPC,2019-04-01,organisation,,,,,E06000058,UA,,E60000289,dorset,,http://opendatacommunities.org/id/unitary-authority/bournemouth-christchurch-and-poole,,453108,E12000009,E06000058,BCPCouncil,https://www.bcpcouncil.gov.uk,Q54818205,"Bournemouth,_Christchurch_and_Poole_Council"
local-authority,,55,2025-02-19,,,Blackpool Borough Council,55,,local-authority,some,BPL,1905-06-20,organisation,2373,E2302,,,E06000009,UA,,E60000014,lancashire,,http://opendatacommunities.org/id/unitary-authority/blackpool,,3999,E12000002,E06000009,BpoolCouncil,https://www.blackpool.gov.uk,Q16984489,Blackpool_Council
local-authority,,56,2025-02-19,,,Braintree District Council,56,,local-authority,some,BRA,,organisation,1510,E1532,,,E07000067,NMD,,E60000155,essex,,http://opendatacommunities.org/id/district-council/braintree,,4247,E12000006,E07000067,,https://www.braintree.gov.uk,Q73072540,
local-authority,,57,2025-02-19,,,Bracknell Forest Council,57,,local-authority,some,BRC,1998-04-01,organisation,335,E0301,,,E06000036,UA,,E60000221,thames-valley,,http://opendatacommunities.org/id/unitary-authority/bracknell-forest,,4198,E12000008,E06000036,BracknellForest,https://www.bracknell-forest.gov.uk/,Q16985082,Bracknell_Forest_Council
local-authority,,58,2025-02-19,,,City of Bradford Metropolitan District Council,58,,local-authority,some,BRD,1974-04-01,organisation,4705,E4701,WYCA,,E08000032,MD,,E60000068,west-yorkshire,,http://opendatacommunities.org/id/metropolitan-district-council/bradford,,4217,E12000003,E08000032,bradfordmdc,https://www.bradford.gov.uk,Q16953331,City_of_Bradford_Metropolitan_District_Council
local-authority,,59,2025-02-19,,,Breckland District Council,59,,local-authority,some,BRE,,organisation,2605,E2631,,,E07000143,NMD,,E60000176,norfolk,,http://opendatacommunities.org/id/district-council/breckland,,4291,E12000006,E07000143,BreckCouncil,https://www.breckland.gov.uk,Q73072542,
local-authority,,60,2025-02-19,,,Bromsgrove District Council,60,,local-authority,some,BRM,,organisation,1805,E1831,,,E07000234,NMD,,E60000137,west-mercia,,http://opendatacommunities.org/id/district-council/bromsgrove,,16573,E12000005,E07000234,,https://www.bromsgrove.gov.uk,Q73072550,
local-authority,,61,2025-02-19,,,Broadland District Council,61,,local-authority,some,BRO,,organisation,2610,E2632,,,E07000144,NMD,,E60000177,norfolk,,http://opendatacommunities.org/id/district-council/broadland,,16541,E12000006,E07000144,,https://www.broadland.gov.uk,Q73072548,
local-authority,,62,2025-02-19,,,Broxtowe Borough Council,62,,local-authority,some,BRT,,organisation,3015,E3033,,,E07000172,NMD,,E60000108,nottinghamshire,,http://opendatacommunities.org/id/district-council/broxtowe,,16608,E12000004,E07000172,broxtowebc,https://www.broxtowe.gov.uk,Q73072553,
local-authority,,63,2025-02-19,,,Brentwood Borough Council,63,,local-authority,some,BRW,,organisation,1515,E1533,,,E07000068,NMD,,E60000156,essex,,http://opendatacommunities.org/id/district-council/brentwood,,4318,E12000006,E07000068,,https://www.brentwood.gov.uk,Q73072544,
local-authority,,64,2025-02-19,,,Broxbourne Borough Council,64,,local-authority,some,BRX,,organisation,1905,E1931,,,E07000095,NMD,,E60000166,hertfordshire,,http://opendatacommunities.org/id/district-council/broxbourne,,,E12000006,E07000095,,https://www.broxbourne.gov.uk,Q4976877,Broxbourne_Borough_Council
local-authority,,65,2025-02-19,,,London Borough of Bromley,65,,local-authority,some,BRY,,organisation,5180,E5034,,,E09000006,LBO,,E60000206,london,,http://opendatacommunities.org/id/london-borough-council/bromley,,16566,E12000007,E09000006,LBofBromley,https://www.bromley.gov.uk,Q4973687,Bromley_London_Borough_Council
local-authority,,66,2025-02-19,,,Bristol City Council,66,,local-authority,some,BST,1905-06-18,organisation,116,E0102,WECA,,E06000023,UA,,E60000290,avon-and-somerset,,http://opendatacommunities.org/id/unitary-authority/bristol,,4400,E12000009,E06000023,BristolCouncil,https://www.bristol.gov.uk,Q16953796,Bristol_City_Council
local-authority,,67,2025-02-19,,,Buckinghamshire Council,67,,local-authority,some,BUC,2020-04-01,organisation,,,,,E06000060,UA,,E60000331,,,http://opendatacommunities.org/id/unitary-authority/buckinghamshire,,474721,E12000008,E06000060,buckscouncil,https://www.buckinghamshire.gov.uk/,Q65052846,Buckinghamshire_Council
local-authority,,68,2025-02-19,,,Burnley Borough Council,68,,local-authority,some,BUN,,organisation,2315,E2333,,,E07000117,NMD,,E60000035,lancashire,,http://opendatacommunities.org/id/district-council/burnley,,16795,E12000002,E07000117,burnleycouncil,https://www.burnley.gov.uk,Q73072554,
local-authority,,69,2025-02-19,,,Bury Metropolitan Borough Council,69,,local-authority,some,BUR,1974-04-01,organisation,4210,E4202,GMCA,,E08000002,MD,,E60000026,greater-manchester,,http://opendatacommunities.org/id/metropolitan-district-council/bury,,16822,E12000002,E08000002,BuryCouncil,https://www.bury.gov.uk,Q16954633,Bury_Metropolitan_Borough_Council
local-authority,,70,2025-02-19,,,Cambridge City Council,70,,local-authority,some,CAB,,organisation,505,E0531,CPCA,,E07000008,NMD,,E60000149,cambridgeshire,,http://opendatacommunities.org/id/district-council/cambridge,,18518,E12000006,E07000008,camcitco,https://www.cambridge.gov.uk,Q5025388,Cambridge_City_Council
local-authority,,71,2025-02-19,,,Cambridgeshire County Council,71,,local-authority,some,CAM,,organisation,,E0521,,,E10000003,CTY,,,,,http://opendatacommunities.org/id/county-council/cambridgeshire,,,E12000006,E10000003,,https://www.cambridgeshire.gov.uk,Q5025648,Cambridgeshire_County_Council
local-authority,,72,2025-02-19,,,Cannock Chase District Council,72,,local-authority,some,CAN,,organisation,3405,E3431,,,E07000192,NMD,,E60000117,staffordshire,,http://opendatacommunities.org/id/district-council/cannock-chase,,18802,E12000005,E07000192,,https://www.cannockchasedc.gov.uk,Q73072556,
local-authority,2023-03-31,73,2025-02-19,,,Carlisle City Council,73,,local-authority,some,CAR,,organisation,915,E0933,,,E07000028,NMD,,E60000021,cumbria,,http://opendatacommunities.org/id/district-council/carlisle,,19050,E12000002,E07000028,,https://www.carlisle.gov.uk,Q73072558,
local-authority,,74,2025-02-19,,,Castle Point Borough Council,74,,local-authority,some,CAS,,organisation,1520,E1534,,,E07000069,NMD,,E60000157,essex,,http://opendatacommunities.org/id/district-council/castle-point,,19160,E12000006,E07000069,,https://www.castlepoint.gov.uk,Q73072562,
local-authority,,75,2025-02-19,,,Canterbury City Council,75,,local-authority,some,CAT,,organisation,2210,E2232,,,E07000106,NMD,,E60000254,kent,,http://opendatacommunities.org/id/district-council/canterbury,,18820,E12000008,E07000106,,https://www.canterbury.gov.uk,Q55098924,Canterbury_City_Council
local-authority,,76,2025-02-19,,,Central Bedfordshire Council,76,,local-authority,some,CBF,2009-04-01,organisation,240,E0203,,,E06000056,UA,,E60000144,bedfordshire,,http://opendatacommunities.org/id/unitary-authority/central-bedfordshire,,297660,E12000006,E06000056,letstalkcentral,https://www.centralbedfordshire.gov.uk,Q16986562,Central_Bedfordshire_Council
local-authority,,77,2025-02-19,,,Charnwood Borough Council,77,,local-authority,some,CHA,,organisation,2410,E2432,,,E07000130,NMD,,E60000086,leicestershire,,http://opendatacommunities.org/id/district-council/charnwood,,20089,E12000004,E07000130,CharnwoodBC,https://www.charnwood.gov.uk,Q73072564,
local-authority,2019-03-31,78,2025-02-19,,,Christchurch Borough Council,78,,local-authority,some,CHC,,organisation,1210,E1232,,,E07000048,NMD,,,,,http://opendatacommunities.org/id/district-council/christchurch,,20530,E12000009,E07000048,,https://www.dorsetforyou.com,Q73072580,
local-authority,,79,2025-02-19,,,Cheshire East Council,79,,local-authority,some,CHE,2009-04-01,organisation,660,E0603,,,E06000049,UA,,E60000015,cheshire,,http://opendatacommunities.org/id/unitary-authority/cheshire-east,,297110,E12000002,E06000049,CheshireEast,https://www.cheshireeast.gov.uk,Q16829355,Cheshire_East_Council
local-authority,,80,2025-02-19,,,Chichester District Council,80,,local-authority,some,CHI,1974-04-01,organisation,3815,E3833,,,E07000225,NMD,,E60000283,sussex,,http://opendatacommunities.org/id/district-council/chichester,,20277,E12000008,E07000225,ChichesterDC,https://www.chichester.gov.uk,Q73072573,Chichester_District_Council
local-authority,,81,2025-02-19,,,Chelmsford City Council,81,,local-authority,some,CHL,,organisation,1525,E1535,,,E07000070,NMD,,E60000158,essex,,http://opendatacommunities.org/id/district-council/chelmsford,,20158,E12000006,E07000070,ChelmsCouncil,https://www.chelmsford.gov.uk,Q73072566,
local-authority,2020-03-31,82,2025-02-19,,,Chiltern District Council,82,,local-authority,some,CHN,,organisation,415,E0432,,,E07000005,NMD,,E60000234,thames-valley,,http://opendatacommunities.org/id/district-council/chiltern,,20454,E12000008,E07000005,,https://www.chiltern.gov.uk,Q73072575,
local-authority,,83,2025-02-19,,,Chorley Borough Council,83,,local-authority,some,CHO,,organisation,2320,E2334,,,E07000118,NMD,,E60000036,lancashire,,http://opendatacommunities.org/id/district-council/chorley,,20522,E12000002,E07000118,,https://www.chorley.gov.uk,Q73072578,
local-authority,,84,2025-02-19,,,Cherwell District Council,84,,local-authority,some,CHR,,organisation,3105,E3131,,,E07000177,NMD,,E60000265,thames-valley,,http://opendatacommunities.org/id/district-council/cherwell,,20221,E12000008,E07000177,,https://www.cherwell-dc.gov.uk,Q73072569,
local-authority,,85,2025-02-19,,,Chesterfield Borough Council,85,,local-authority,some,CHS,,organisation,1015,E1033,,,E07000034,NMD,,E60000079,derbyshire,,http://opendatacommunities.org/id/district-council/chesterfield,,20253,E12000004,E07000034,,https://www.chesterfield.gov.uk,Q73072572,
local-authority,,86,2025-02-19,,,Cheltenham Borough Council,86,,local-authority,some,CHT,,organisation,1605,E1631,,,E07000078,NMD,,E60000308,gloucestershire,,http://opendatacommunities.org/id/district-council/cheltenham,,20180,E12000009,E07000078,,https://www.cheltenham.gov.uk,Q28401301,Cheltenham_Borough_Council
local-authority,,87,2025-02-19,,,Cheshire West and Chester Council,87,,local-authority,some,CHW,2009-04-01,organisation,665,E0604,,,E06000050,UA,,E60000016,cheshire,,http://opendatacommunities.org/id/unitary-authority/cheshire-west-and-chester,,297099,E12000002,E06000050,Go_CheshireWest,https://www.cheshirewestandchester.gov.uk,Q16829360,Cheshire_West_and_Chester_Council
local-authority,,88,2025-02-19,,,Calderdale Metropolitan Borough Council,88,,local-authority,some,CLD,1974-04-01,organisation,4710,E4702,WYCA,,E08000033,MD,,E60000069,west-yorkshire,,http://opendatacommunities.org/id/metropolitan-district-council/calderdale,,18450,E12000003,E08000033,Calderdale,https://www.calderdale.gov.uk,Q16985873,Calderdale_Metropolitan_Borough_Council
local-authority,2023-04-01,89,2025-02-19,,,Cumbria County Council,89,,local-authority,some,CMA,,organisation,,E0920,,,E10000006,CTY,,,,,http://opendatacommunities.org/id/county-council/cumbria,,28069,E12000002,E10000006,,https://www.cumbria.gov.uk,Q5194027,Cumbria_County_Council
local-authority,,90,2025-02-19,,,London Borough of Camden,90,,local-authority,some,CMD,,organisation,5210,E5011,,,E09000007,LBO,,E60000188,london,,http://opendatacommunities.org/id/london-borough-council/camden,,18584,E12000007,E09000007,camdencouncil,https://www.camden.gov.uk,Q5025790,Camden_London_Borough_Council
local-authority,,91,2025-02-19,,,Colchester City Council,91,,local-authority,some,COL,,organisation,1530,E1536,,,E07000071,NMD,,E60000159,essex,"As part of the Platinum Jubilee of Elizabeth II celebrations in 2022, the borough of Colchester was granted city status, confirmed by Letters Patent dated 5 September 2022, allowing the council to change its name to Colchester City Council",http://opendatacommunities.org/id/district-council/colchester,,20998,statistical-geography:E12000006,E07000071,,https://www.colchester.gov.uk,Q73072586,City_of_Colchester
local-authority,,92,2025-02-19,,,Cornwall Council,92,,local-authority,some,CON,2009-04-01,organisation,840,E0801,,,E06000052,UA,,E60000291,devon-cornwall-and-isle-of-scilly,,http://opendatacommunities.org/id/unitary-authority/cornwall,,24599,E12000009,E06000052,CornwallCouncil,https://www.cornwall.gov.uk,Q3774189,Cornwall_Council
local-authority,2023-03-31,93,2025-02-19,,,Copeland Borough Council,93,,local-authority,some,COP,,organisation,920,E0934,,,E07000029,NMD,,E60000022,cumbria,,http://opendatacommunities.org/id/district-council/copeland,,21482,E12000002,E07000029,,https://www.copeland.gov.uk,Q73072589,
local-authority,2021-03-31,94,2025-02-19,,,Corby Borough Council,94,,local-authority,some,COR,1974-04-01,organisation,2805,E2831,,,E07000150,NMD,,E60000099,northamptonshire,,http://opendatacommunities.org/id/district-council/corby,,21503,E12000004,E07000150,,https://www.corby.gov.uk,Q73072591,
local-authority,,95,2025-02-19,,,Cotswold District Council,95,,local-authority,some,COT,,organisation,1610,E1632,,,E07000079,NMD,,E60000309,gloucestershire,,http://opendatacommunities.org/id/district-council/cotswold,,25759,E12000009,E07000079,,https://www.cotswold.gov.uk,Q5175478,Cotswold_District_Council
local-authority,,96,2025-02-19,,,Coventry City Council,96,,local-authority,some,COV,1974-04-01,organisation,4610,E4602,WMCA,,E08000026,MD,,E60000131,west-midlands,,http://opendatacommunities.org/id/metropolitan-district-council/coventry,,27726,E12000005,E08000026,coventrycc,https://www.coventry.gov.uk,Q5179058,Coventry_City_Council
local-authority,,97,2025-02-19,,,Cambridgeshire and Peterborough Combined Authority,97,,local-authority,some,CPCA,2014-04-01,organisation,,,,,E47000008,COMB,,,,,,,432854,E12000006,E47000008,CambsPboroCA,https://cambridgeshirepeterborough-ca.gov.uk,Q28451058,Cambridgeshire_and_Peterborough_Combined_Authority
local-authority,2023-03-31,98,2025-02-19,,,Craven District Council,98,,local-authority,some,CRA,,organisation,2705,E2731,,,E07000163,NMD,,E60000057,north-yorkshire,,http://opendatacommunities.org/id/district-council/craven,,27794,E12000003,E07000163,,https://www.cravendc.gov.uk,Q73072595,
local-authority,,99,2025-02-19,,,Crawley Borough Council,99,,local-authority,some,CRW,1974-04-01,organisation,3820,E3834,,,E07000226,NMD,,E60000284,sussex,,http://opendatacommunities.org/id/district-council/crawley,,27799,E12000008,E07000226,,https://www.crawley.gov.uk,Q30255982,Crawley_Borough_Council
local-authority,,100,2025-02-19,,,London Borough of Croydon,100,,local-authority,some,CRY,1965-04-01,organisation,5240,E5035,,,E09000008,LBO,,E60000207,london,,http://opendatacommunities.org/id/london-borough-council/croydon,,27989,E12000007,E09000008,yourcroydon,https://www.croydon.gov.uk,Q5189676,Croydon_London_Borough_Council
local-authority,,101,2025-02-19,,,Dacorum Borough Council,101,,local-authority,some,DAC,,organisation,1910,E1932,,,E07000096,NMD,,E60000167,hertfordshire,,http://opendatacommunities.org/id/district-council/dacorum,,28186,E12000006,E07000096,DacorumBC,https://www.dacorum.gov.uk,Q5207723,Dacorum_Borough_Council
local-authority,,102,2025-02-19,,,Darlington Borough Council,102,,local-authority,some,DAL,1997-04-01,organisation,1350,E1301,TVCA,,E06000005,UA,,E60000002,durham-and-darlington,,http://opendatacommunities.org/id/unitary-authority/darlington,,28281,E12000001,E06000005,darlingtonbc,https://www.darlington.gov.uk,Q16948698,Darlington_Borough_Council
local-authority,,103,2025-02-19,,,Dartford Borough Council,103,,local-authority,some,DAR,,organisation,2215,E2233,,,E07000107,NMD,,E60000255,kent,,http://opendatacommunities.org/id/district-council/dartford,,28291,E12000008,E07000107,,https://www.dartford.gov.uk,Q55098919,Dartford_Borough_Council
local-authority,2021-03-31,104,2025-02-19,,,Daventry District Council,104,,local-authority,some,DAV,1974-04-01,organisation,2810,E2832,,,E07000151,NMD,,E60000100,northamptonshire,,http://opendatacommunities.org/id/district-council/daventry,,28340,E12000004,E07000151,,https://www.daventrydc.gov.uk,Q73072596,
local-authority,,105,2025-02-19,,,Derbyshire County Council,105,,local-authority,some,DBY,,organisation,,E1021,EMCCA,,E10000007,CTY,,,,,http://opendatacommunities.org/id/county-council/derbyshire,,,E12000004,E10000007,,https://www.derbyshire.gov.uk,Q5261561,Derbyshire_County_Council
local-authority,,106,2025-02-19,,,Derbyshire Dales District Council,106,,local-authority,some,DEB,,organisation,1045,E1035,,,E07000035,NMD,,E60000080,derbyshire,,http://opendatacommunities.org/id/district-council/derbyshire-dales,,28879,E12000004,E07000035,,https://www.derbyshiredales.gov.uk,Q73072598,
local-authority,,107,2025-02-19,,,Derby City Council,107,,local-authority,some,DER,,organisation,1055,E1001,,,E06000015,UA,,E60000073,derbyshire,,http://opendatacommunities.org/id/unitary-authority/derby,,28859,E12000004,E06000015,DerbyCC,https://www.derby.gov.uk,Q5261430,Derby_City_Council
local-authority,,108,2025-02-19,,,Devon County Council,108,,local-authority,some,DEV,,organisation,,E1121,,,E10000008,CTY,,,,,http://opendatacommunities.org/id/county-council/devon,,,E12000009,E10000008,DevonCC,https://www.devon.gov.uk,Q6385990,Devon_County_Council
local-authority,,109,2025-02-19,,,Doncaster Metropolitan Borough Council,109,,local-authority,some,DNC,1974-04-01,organisation,4410,E4402,SYMCA,,E08000017,MD,,E60000065,south-yorkshire,,http://opendatacommunities.org/id/metropolitan-district-council/doncaster,,29382,E12000003,E08000017,MyDoncaster,https://www.doncaster.gov.uk,Q16988947,Doncaster_Metropolitan_Borough_Council
local-authority,2019-03-31,110,2025-02-19,,,Dorset County Council,110,,local-authority,some,DOR,,organisation,,E1221,,,E10000009,CTY,,,,,http://opendatacommunities.org/id/county-council/dorset,,,E12000009,E10000009,,https://www.dorsetforyou.com,Q5298839,Dorset_County_Council
local-authority,,111,2025-02-19,,,Dover District Council,111,,local-authority,some,DOV,,organisation,2220,E2234,,,E07000108,NMD,,E60000256,kent,,http://opendatacommunities.org/id/district-council/dover,,29433,E12000008,E07000108,,https://www.dover.gov.uk,Q55098918,Dover_District_Council
local-authority,,112,2025-02-19,,,Dorset Council,112,,local-authority,some,DST,2019-04-01,organisation,,,,,E06000059,UA,,E60000292,dorset,,http://opendatacommunities.org/id/unitary-authority/dorset,,453118,E12000009,E06000059,DorsetCouncilUK,https://www.dorsetcouncil.gov.uk,Q55609905,Dorset_Council_(UK)
local-authority,,113,2025-02-19,,,Dudley Metropolitan Borough Council,113,,local-authority,some,DUD,1974-04-01,organisation,4615,E4603,WMCA,,E08000027,MD,,E60000132,west-midlands,,http://opendatacommunities.org/id/metropolitan-district-council/dudley,,29556,E12000005,E08000027,dudleymbc,https://www.dudley.gov.uk,Q16991635,Dudley_Metropolitan_Borough_Council
local-authority,,114,2025-02-19,,,Durham County Council,114,,local-authority,some,DUR,2009-04-01,organisation,1355,E1302,NNECA,,E06000047,UA,,E60000001,durham-and-darlington,,http://opendatacommunities.org/id/unitary-authority/county-durham,,29649,E12000001,E06000047,durhamcouncil,https://www.durham.gov.uk,Q5316492,Durham_County_Council
local-authority,,115,2025-02-19,,,London Borough of Ealing,115,,local-authority,some,EAL,,organisation,5270,E5036,,,E09000009,LBO,,E60000208,london,,http://opendatacommunities.org/id/london-borough-council/ealing,,32803,E12000007,E09000009,ealingcouncil,https://www.ealing.gov.uk,Q5325486,Ealing_London_Borough_Council
local-authority,,116,2025-02-19,,,Eastbourne Borough Council,116,,local-authority,some,EAS,,organisation,1410,E1432,,,E07000061,NMD,,E60000237,sussex,,http://opendatacommunities.org/id/district-council/eastbourne,,33037,E12000008,E07000061,,https://www.eastbourne.gov.uk,Q30588396,Eastbourne_Borough_Council
local-authority,,117,2025-02-19,,,Eastleigh Borough Council,117,,local-authority,some,EAT,,organisation,1715,E1733,,,E07000086,NMD,,E60000244,hampshire-and-isle-of-wight,,http://opendatacommunities.org/id/district-council/eastleigh,,33082,E12000008,E07000086,,https://www.eastleigh.gov.uk,Q73072609,
local-authority,,118,2025-02-19,,,East Cambridgeshire District Council,118,,local-authority,some,ECA,,organisation,510,E0532,CPCA,,E07000009,NMD,,E60000150,cambridgeshire,,http://opendatacommunities.org/id/district-council/east-cambridgeshire,,32869,E12000006,E07000009,,https://www.eastcambs.gov.uk,Q65090031,East_Cambridgeshire_District_Council
local-authority,,119,2025-02-19,,,East Devon District Council,119,,local-authority,some,EDE,,organisation,1105,E1131,,,E07000040,NMD,,E60000300,devon-cornwall-and-isle-of-scilly,,http://opendatacommunities.org/id/district-council/east-devon,,32877,E12000009,E07000040,eastdevon,https://eastdevon.gov.uk,Q69118038,
local-authority,2023-03-31,120,2025-02-19,,,Eden District Council,120,,local-authority,some,EDN,,organisation,925,E0935,,,E07000030,NMD,,E60000023,cumbria,,http://opendatacommunities.org/id/district-council/eden,,17154,E12000002,E07000030,,https://www.eden.gov.uk,Q73072611,
local-authority,2019-03-31,121,2025-02-19,,,East Dorset District Council,121,,local-authority,some,EDO,1974-04-01,organisation,1240,E1233,,,E07000049,NMD,,,,,http://opendatacommunities.org/id/district-council/east-dorset,,32880,E12000009,E07000049,,http://www.eastdorsetdc.gov.uk/,Q73072599,
local-authority,,122,2025-02-19,,,East Hampshire District Council,122,,local-authority,some,EHA,,organisation,1710,E1732,,,E07000085,NMD,,E60000243,hampshire-and-isle-of-wight,,http://opendatacommunities.org/id/district-council/east-hampshire,,32901,E12000008,E07000085,,https://www.easthants.gov.uk,Q73072602,
local-authority,,123,2025-02-19,,,East Hertfordshire District Council,123,,local-authority,some,EHE,,organisation,1915,E1933,,,E07000242,NMD,,E60000168,hertfordshire,,http://opendatacommunities.org/id/district-council/east-hertfordshire,,32903,E12000006,E07000242,,https://www.eastherts.gov.uk,Q5328577,East_Hertfordshire_District_Council
local-authority,,124,2025-02-19,,,East Lindsey District Council,124,,local-authority,some,ELI,,organisation,2510,E2532,,,E07000137,NMD,,E60000093,lincolnshire,,http://opendatacommunities.org/id/district-council/east-lindsey,,32924,E12000004,E07000137,,https://www.e-lindsey.gov.uk,Q73072603,
local-authority,,125,2025-02-19,,,Elmbridge Borough Council,125,,local-authority,some,ELM,,organisation,3605,E3631,,,E07000207,NMD,,E60000270,surrey,,http://opendatacommunities.org/id/district-council/elmbridge,,17454,E12000008,E07000207,,https://www.elmbridge.gov.uk,Q73072615,
local-authority,,126,2025-02-19,,,London Borough of Enfield,126,,local-authority,some,ENF,1965-04-01,organisation,5300,E5037,,,E09000010,LBO,,E60000209,london,,http://opendatacommunities.org/id/london-borough-council/enfield,,17658,E12000007,E09000010,,https://www.enfield.gov.uk,Q5377310,Enfield_London_Borough_Council
local-authority,2021-03-31,127,2025-02-19,,,East Northamptonshire Council,127,,local-authority,some,ENO,1974-04-01,organisation,2815,E2833,,,E07000152,NMD,,E60000101,northamptonshire,,http://opendatacommunities.org/id/district-council/east-northamptonshire,,32974,E12000004,E07000152,,https://www.east-northamptonshire.gov.uk,Q73072604,
local-authority,,128,2025-02-19,,,Epping Forest District Council,128,,local-authority,some,EPP,,organisation,1535,E1537,,,E07000072,NMD,,E60000160,essex,,http://opendatacommunities.org/id/district-council/epping-forest,,18047,E12000006,E07000072,,https://www.eppingforestdc.gov.uk,Q73072617,
local-authority,,129,2025-02-19,,,Epsom and Ewell Borough Council,129,,local-authority,some,EPS,,organisation,3610,E3632,,,E07000208,NMD,,E60000271,surrey,,http://opendatacommunities.org/id/district-council/epsom-and-ewell,,18051,E12000008,E07000208,,https://www.epsom-ewell.gov.uk,Q73072619,
local-authority,,130,2025-02-19,,,Erewash Borough Council,130,,local-authority,some,ERE,,organisation,1025,E1036,,,E07000036,NMD,,E60000081,derbyshire,,http://opendatacommunities.org/id/district-council/erewash,,18115,E12000004,E07000036,ErewashBC,https://www.erewash.gov.uk,Q73072621,
local-authority,,131,2025-02-19,,,East Riding of Yorkshire Council,131,,local-authority,some,ERY,1996-04-01,organisation,2001,E2001,,,E06000011,UA,,E60000052,humber,,http://opendatacommunities.org/id/unitary-authority/east-riding,,32995,E12000003,E06000011,East_Riding,https://www.eastriding.gov.uk/,Q16989282,East_Riding_of_Yorkshire_Council
local-authority,,132,2025-02-19,,,East Suffolk Council,132,,local-authority,some,ESK,2019-04-01,organisation,,,,,E07000244,NMD,,E60000184,suffolk,,http://opendatacommunities.org/id/district-council/east-suffolk,,444878,E12000006,E07000244,,https://www.eastsuffolk.gov.uk,Q59536023,East_Suffolk_Council
local-authority,,133,2025-02-19,,,Essex County Council,133,,local-authority,some,ESS,,organisation,,E1521,,,E10000012,CTY,,,,,http://opendatacommunities.org/id/county-council/essex,,,E12000006,E10000012,Essex_CC,https://www.essex.gov.uk/,Q5399679,Essex_County_Council
local-authority,,134,2025-02-19,,,East Staffordshire Borough Council,134,,local-authority,some,EST,,organisation,3410,E3432,,,E07000193,NMD,,E60000118,staffordshire,,http://opendatacommunities.org/id/district-council/east-staffordshire,,33000,E12000005,E07000193,,https://www.eaststaffsbc.gov.uk,Q73072606,
local-authority,,135,2025-02-19,,,East Sussex County Council,135,,local-authority,some,ESX,,organisation,,E1421,,,E10000011,CTY,,,,,http://opendatacommunities.org/id/county-council/east-sussex,,,E12000008,E10000011,eastsussexcc,https://www.eastsussex.gov.uk,Q5329458,East_Sussex_County_Council
local-authority,,136,2025-02-19,,,Exeter City Council,136,,local-authority,some,EXE,,organisation,1110,E1132,,,E07000041,NMD,,E60000301,devon-cornwall-and-isle-of-scilly,,http://opendatacommunities.org/id/district-council/exeter,,33690,E12000009,E07000041,ExeterCouncil,https://www.exeter.gov.uk,Q5420103,Exeter_City_Council
local-authority,,137,2025-02-19,,,Fareham Borough Council,137,,local-authority,some,FAR,,organisation,1720,E1734,,,E07000087,NMD,,E60000245,hampshire-and-isle-of-wight,,http://opendatacommunities.org/id/district-council/fareham,,33939,E12000008,E07000087,,https://www.fareham.gov.uk,Q73072624,
local-authority,,138,2025-02-19,,,Fenland District Council,138,,local-authority,some,FEN,,organisation,515,E0533,CPCA,,E07000010,NMD,,E60000151,cambridgeshire,,http://opendatacommunities.org/id/district-council/fenland,,34155,E12000006,E07000010,,https://www.fenland.gov.uk,Q73072625,
local-authority,,139,2025-02-19,,,Forest of Dean District Council,139,,local-authority,some,FOE,,organisation,1615,E1633,,,E07000080,NMD,,E60000310,gloucestershire,,http://opendatacommunities.org/id/district-council/forest-of-dean,,34755,E12000009,E07000080,,https://www.fdean.gov.uk,Q28401332,Forest_of_Dean_District_Council
local-authority,2019-03-31,140,2025-02-19,,,Forest Heath District Council,140,,local-authority,some,FOR,1974-04-01,organisation,3510,E3532,,,E07000201,NMD,,,,,http://opendatacommunities.org/id/district-council/forest-heath,,34753,E12000006,E07000201,,https://www.forest-heath.gov.uk,Q73072627,
local-authority,,141,2025-02-19,,,Fylde Borough Council,141,,local-authority,some,FYL,,organisation,2325,E2335,,,E07000119,NMD,,E60000037,lancashire,,http://opendatacommunities.org/id/district-council/fylde,,35252,E12000002,E07000119,,https://www.fylde.gov.uk,Q73072630,
local-authority,,142,2025-02-19,,,Gateshead Metropolitan Borough Council,142,,local-authority,some,GAT,1974-04-01,organisation,4505,E4501,NNECA,,E08000037,MD,,E60000008,northumbria,,http://opendatacommunities.org/id/metropolitan-district-council/gateshead,,35374,E12000001,E08000037,Gateshead,https://www.gateshead.gov.uk,Q54666929,
local-authority,,143,2025-02-19,,,Gedling Borough Council,143,,local-authority,some,GED,,organisation,3020,E3034,,,E07000173,NMD,,E60000109,nottinghamshire,,http://opendatacommunities.org/id/district-council/gedling,,36252,E12000004,E07000173,GedlingBC,https://www.gedling.gov.uk,Q73072632,
local-authority,,144,2025-02-19,,,Greater London Authority,144,,local-authority,some,GLA,1905-06-22,organisation,,E5100,,,E12000007,SRA,,,,,http://opendatacommunities.org/id/greater-london-authority/greater-london-authority,,37006,E12000007,E12000007,,https://www.london.gov.uk,Q1135166,Greater_London_Authority
local-authority,,145,2025-02-19,,,Gloucester City Council,145,,local-authority,some,GLO,,organisation,1620,E1634,,,E07000081,NMD,,E60000311,gloucestershire,,http://opendatacommunities.org/id/district-council/gloucester,,36678,E12000009,E07000081,,https://www.gloucester.gov.uk,Q28401303,Gloucester_City_Council
local-authority,,146,2025-02-19,,,Gloucestershire County Council,146,,local-authority,some,GLS,,organisation,,E1620,,,E10000013,CTY,,,,,http://opendatacommunities.org/id/county-council/gloucestershire,,,E12000009,E10000013,gloscc,https://www.gloucestershire.gov.uk,Q16839354,Gloucestershire_County_Council
local-authority,,147,2025-02-19,,,Greater Manchester Combined Authority,147,,local-authority,some,GMCA,2014-04-01,organisation,,E6348,,,E47000001,COMB,,,,,http://opendatacommunities.org/id/greater-manchester-combined-authority/greater-manchester,,401738,E12000002,E47000001,greatermcr,https://www.greatermanchester-ca.gov.uk,Q5600634,Greater_Manchester_Combined_Authority
local-authority,,148,2025-02-19,,,Gosport Borough Council,148,,local-authority,some,GOS,,organisation,1725,E1735,,,E07000088,NMD,,E60000246,hampshire-and-isle-of-wight,,http://opendatacommunities.org/id/district-council/gosport,,36777,E12000008,E07000088,,https://www.gosport.gov.uk,Q73072634,Gosport_Borough_Council
local-authority,,149,2025-02-19,,,Gravesham Borough Council,149,,local-authority,some,GRA,,organisation,2230,E2236,,,E07000109,NMD,,E60000258,kent,,http://opendatacommunities.org/id/district-council/gravesham,,36949,E12000008,E07000109,,https://www.gravesham.gov.uk,Q55098935,Gravesham_Borough_Council
local-authority,,150,2025-02-19,,,Royal Borough of Greenwich,150,,local-authority,some,GRE,,organisation,5330,E5012,,,E09000011,LBO,,E60000210,london,,http://opendatacommunities.org/id/london-borough-council/greenwich,,37126,E12000007,E09000011,Royal_Greenwich,https://www.royalgreenwich.gov.uk,Q5604860,Greenwich_London_Borough_Council
local-authority,,151,2025-02-19,,,Guildford Borough Council,151,,local-authority,some,GRT,,organisation,3615,E3633,,,E07000209,NMD,,E60000272,surrey,,http://opendatacommunities.org/id/district-council/guildford,,37225,E12000008,E07000209,,https://www.guildford.gov.uk,Q73072637,
local-authority,,152,2025-02-19,,,Great Yarmouth Borough Council,152,,local-authority,some,GRY,,organisation,2615,E2633,,,E07000145,NMD,,E60000178,norfolk,,http://opendatacommunities.org/id/district-council/great-yarmouth,,36978,E12000006,E07000145,,https://www.great-yarmouth.gov.uk,Q73072635,
local-authority,,153,2025-02-19,,,Havant Borough Council,153,,local-authority,some,HAA,,organisation,1735,E1737,,,E07000090,NMD,,E60000248,hampshire-and-isle-of-wight,,http://opendatacommunities.org/id/district-council/havant,,35656,E12000008,E07000090,,https://www.havant.gov.uk,Q73072652,
local-authority,2023-03-31,154,2025-02-19,,,Hambleton District Council,154,,local-authority,some,HAE,,organisation,2710,E2732,,,E07000164,NMD,,E60000058,north-yorkshire,,http://opendatacommunities.org/id/district-council/hambleton,,35441,E12000003,E07000164,,https://www.hambleton.gov.uk,Q73072640,
local-authority,2023-03-31,155,2025-02-19,,,Harrogate Borough Council,155,,local-authority,some,HAG,,organisation,2715,E2753,,,E07000165,NMD,,E60000059,north-yorkshire,,http://opendatacommunities.org/id/district-council/harrogate,,35579,E12000003,E07000165,Harrogatebc,https://www.harrogate.gov.uk,Q73072647,
local-authority,,156,2025-02-19,,,Halton Borough Council,156,,local-authority,some,HAL,1998-04-01,organisation,650,E0601,LCR,,E06000006,UA,,E60000017,cheshire,,http://opendatacommunities.org/id/unitary-authority/halton,,35432,E12000002,E06000006,haltonbc,https://www.halton.gov.uk,Q16983144,Halton_Borough_Council
local-authority,,157,2025-02-19,,,Hampshire County Council,157,,local-authority,some,HAM,,organisation,,E1721,,,E10000014,CTY,,,,,http://opendatacommunities.org/id/county-council/hampshire,,,E12000008,E10000014,,https://www.hants.gov.uk,Q5646045,Hampshire_County_Council
local-authority,,158,2025-02-19,,,Harborough District Council,158,,local-authority,some,HAO,,organisation,2415,E2433,,,E07000131,NMD,,E60000087,leicestershire,,http://opendatacommunities.org/id/district-council/harborough,,35513,E12000004,E07000131,,https://www.harborough.gov.uk,Q73072642,
local-authority,,159,2025-02-19,,,Harlow District Council,159,,local-authority,some,HAR,,organisation,1540,E1538,,,E07000073,NMD,,E60000161,essex,,http://opendatacommunities.org/id/district-council/harlow,,35549,E12000006,E07000073,,https://www.harlow.gov.uk,Q73072645,Harlow_District_Council
local-authority,,160,2025-02-19,,,Hastings Borough Council,160,,local-authority,some,HAS,,organisation,1415,E1433,,,E07000062,NMD,,E60000238,sussex,,http://opendatacommunities.org/id/district-council/hastings,,35644,E12000008,E07000062,,https://www.hastings.gov.uk,Q73072650,Hastings_Borough_Council
local-authority,,161,2025-02-19,,,Hart District Council,161,,local-authority,some,HAT,,organisation,1730,E1736,,,E07000089,NMD,,E60000247,hampshire-and-isle-of-wight,,http://opendatacommunities.org/id/district-council/hart,,35600,E12000008,E07000089,,https://www.hart.gov.uk,Q73072649,
local-authority,,162,2025-02-19,,,London Borough of Havering,162,,local-authority,some,HAV,,organisation,5480,E5040,,,E09000016,LBO,,E60000212,london,,http://opendatacommunities.org/id/london-borough-council/havering,,35662,E12000007,E09000016,,https://www.havering.gov.uk,Q5683826,Havering_London_Borough_Council
local-authority,,163,2025-02-19,,,London Borough of Hackney,163,,local-authority,some,HCK,,organisation,5360,E5013,,,E09000012,LBO,,E60000190,london,,http://opendatacommunities.org/id/london-borough-council/hackney,,37322,E12000007,E09000012,hackneycouncil,https://www.hackney.gov.uk,Q5637369,Hackney_London_Borough_Council
local-authority,,164,2025-02-19,,,Herefordshire Council,164,,local-authority,some,HEF,1998-04-01,organisation,1850,E1801,,,E06000019,UA,,E60000113,west-mercia,,http://opendatacommunities.org/id/unitary-authority/herefordshire,,36035,E12000005,E06000019,HfdsCouncil,https://www.herefordshire.gov.uk,Q5738061,Herefordshire_Council
local-authority,,165,2025-02-19,,,Hertsmere Borough Council,165,,local-authority,some,HER,,organisation,1920,E1934,,,E07000098,NMD,,E60000169,hertfordshire,,http://opendatacommunities.org/id/district-council/hertsmere,,36093,E12000006,E07000098,,https://www.hertsmere.gov.uk,Q15223753,Hertsmere_Borough_Council
local-authority,,166,2025-02-19,,,High Peak Borough Council,166,,local-authority,some,HIG,,organisation,1030,E1037,,,E07000037,NMD,,E60000082,derbyshire,,http://opendatacommunities.org/id/district-council/high-peak,,36124,E12000004,E07000037,,https://www.highpeak.gov.uk,Q5756024,High_Peak_Borough_Council
local-authority,,167,2025-02-19,,,London Borough of Hillingdon,167,,local-authority,some,HIL,,organisation,5510,E5041,,,E09000017,LBO,,E60000213,london,,http://opendatacommunities.org/id/london-borough-council/hillingdon,,36213,E12000007,E09000017,Hillingdon,https://www.hillingdon.gov.uk,Q5763303,Hillingdon_London_Borough_Council
local-authority,,168,2025-02-19,,,Hinckley and Bosworth Borough Council,168,,local-authority,some,HIN,,organisation,2420,E2434,,,E07000132,NMD,,E60000088,leicestershire,,http://opendatacommunities.org/id/district-council/hinckley-and-bosworth,,24879,E12000004,E07000132,,https://www.hinckley-bosworth.gov.uk,Q73072654,
local-authority,,169,2025-02-19,,,London Borough of Hammersmith & Fulham,169,,local-authority,some,HMF,,organisation,5390,E5014,,,E09000013,LBO,,E60000191,london,,http://opendatacommunities.org/id/london-borough-council/hammersmith-and-fulham,,35451,E12000007,E09000013,,https://www.lbhf.gov.uk/,Q5645758,Hammersmith_and_Fulham_London_Borough_Council
local-authority,,170,2025-02-19,,,London Borough of Hounslow,170,,local-authority,some,HNS,,organisation,5540,E5042,,,E09000018,LBO,,E60000214,london,,http://opendatacommunities.org/id/london-borough-council/hounslow,,25248,E12000007,E09000018,LBofHounslow,https://www.hounslow.gov.uk,Q5913301,Hounslow_London_Borough_Council
local-authority,,171,2025-02-19,,,Horsham District Council,171,,local-authority,some,HOR,1974-04-01,organisation,3825,E3835,,,E07000227,NMD,,E60000285,sussex,,http://opendatacommunities.org/id/district-council/horsham,,25203,E12000008,E07000227,,https://www.horsham.gov.uk,Q73072656,
local-authority,,172,2025-02-19,,,Hartlepool Borough Council,172,,local-authority,some,HPL,1905-06-18,organisation,724,E0701,TVCA,,E06000001,UA,,E60000003,cleveland,,http://opendatacommunities.org/id/unitary-authority/hartlepool,,35605,E12000001,E06000001,HpoolCouncil,https://www.hartlepool.gov.uk,Q16993720,Hartlepool_Borough_Council
local-authority,,173,2025-02-19,,,Hertfordshire County Council,173,,local-authority,some,HRT,,organisation,,E1920,,,E10000015,CTY,,,,,http://opendatacommunities.org/id/county-council/hertfordshire,,,E12000006,E10000015,,https://www.hertsdirect.org/,Q5744765,Hertfordshire_County_Council
local-authority,,174,2025-02-19,,,London Borough of Harrow,174,,local-authority,some,HRW,,organisation,5450,E5039,,,E09000015,LBO,,E60000211,london,,http://opendatacommunities.org/id/london-borough-council/harrow,,35586,E12000007,E09000015,,https://www.harrow.gov.uk,Q5666565,Harrow_London_Borough_Council
local-authority,,175,2025-02-19,,,London Borough of Haringey,175,,local-authority,some,HRY,1965-04-01,organisation,5420,E5038,,,E09000014,LBO,,E60000192,london,,http://opendatacommunities.org/id/london-borough-council/haringey,,35523,E12000007,E09000014,,https://www.haringey.gov.uk,Q5657624,Haringey_London_Borough_Council
local-authority,,176,2025-02-19,,,Huntingdonshire District Council,176,,local-authority,some,HUN,,organisation,520,E0551,CPCA,,E07000011,NMD,,E60000152,cambridgeshire,,http://opendatacommunities.org/id/district-council/huntingdonshire,,26266,E12000006,E07000011,,https://www.huntingdonshire.gov.uk,Q73072657,Huntingdonshire_District_Council
local-authority,,177,2025-02-19,,,Hyndburn Borough Council,177,,local-authority,some,HYN,,organisation,2330,E2336,,,E07000120,NMD,,E60000038,lancashire,,http://opendatacommunities.org/id/district-council/hyndburn,,26299,E12000002,E07000120,,https://www.hyndburnbc.gov.uk,Q65089006,Hyndburn_Borough_Council
local-authority,,178,2025-02-19,,,Council of the Isles of Scilly,178,,local-authority,some,IOS,1974-04-01,organisation,835,E4001,,,E06000053,UA,,E60000293,devon-cornwall-and-isle-of-scilly,,http://opendatacommunities.org/id/unitary-authority/scilly,,67774,E12000009,E06000053,ioscouncil,https://www.scilly.gov.uk,Q28195166,Council_of_the_Isles_of_Scilly
local-authority,,179,2025-02-19,,,Isle of Wight Council,179,,local-authority,some,IOW,1905-06-17,organisation,2114,E2101,,,E06000046,UA,,E60000223,hampshire-and-isle-of-wight,,http://opendatacommunities.org/id/unitary-authority/isle-of-wight,,41190,E12000008,E06000046,iwight,https://www.iow.gov.uk/,Q6084095,Isle_of_Wight_Council
local-authority,,180,2025-02-19,,,Ipswich Borough Council,180,,local-authority,some,IPS,,organisation,3515,E3533,,,E07000202,NMD,,E60000185,suffolk,,http://opendatacommunities.org/id/district-council/ipswich,,41011,E12000006,E07000202,,https://www.ipswich.gov.uk,Q16191496,Ipswich_Borough_Council
local-authority,,181,2025-02-19,,,London Borough of Islington,181,,local-authority,some,ISL,,organisation,5570,E5015,,,E09000019,LBO,,E60000193,london,,http://opendatacommunities.org/id/london-borough-council/islington,,41201,E12000007,E09000019,IslingtonBC,https://www.islington.gov.uk,Q6084379,Islington_London_Borough_Council
local-authority,,182,2025-02-19,,,Royal Borough of Kensington and Chelsea,182,,local-authority,some,KEC,,organisation,5600,E5016,,,E09000020,LBO,,E60000194,london,,http://opendatacommunities.org/id/london-borough-council/kensington-and-chelsea,,,E12000007,E09000020,,https://www.rbkc.gov.uk/,Q6391507,Kensington_and_Chelsea_London_Borough_Council
local-authority,,183,2025-02-19,,,Kent County Council,183,,local-authority,some,KEN,,organisation,,E2221,,,E10000016,CTY,,,,,http://opendatacommunities.org/id/county-council/kent,,,E12000008,E10000016,,https://www.kent.gov.uk,Q6386127,Kent_County_Council
local-authority,2021-03-31,184,2025-02-19,,,Kettering Borough Council,184,,local-authority,some,KET,1974-04-01,organisation,2820,E2834,,,E07000153,NMD,,E60000102,northamptonshire,,http://opendatacommunities.org/id/district-council/kettering,,41933,E12000004,E07000153,,https://www.kettering.gov.uk,Q6395462,Kettering_Borough_Council
local-authority,,185,2025-02-19,,,Hull City Council,185,,local-authority,some,KHL,1996-04-01,organisation,2004,E2002,,,E06000010,UA,,E60000053,humber,,http://opendatacommunities.org/id/unitary-authority/hull,,42046,E12000003,E06000010,Hullccnews,https://www.hullcc.gov.uk,Q5935834,Hull_City_Council
local-authority,,186,2025-02-19,,,Borough Council of King's Lynn and West Norfolk,186,,local-authority,some,KIN,,organisation,2635,E2634,,,E07000146,NMD,,E60000179,norfolk,,http://opendatacommunities.org/id/district-council/west-norfolk,,42024,E12000006,E07000146,,https://www.west-norfolk.gov.uk,Q73072537,
local-authority,,187,2025-02-19,,,Kirklees Council,187,,local-authority,some,KIR,1974-04-01,organisation,4715,E4703,WYCA,,E08000034,MD,,E60000070,west-yorkshire,,http://opendatacommunities.org/id/metropolitan-district-council/kirklees,,42066,E12000003,E08000034,KirkleesCouncil,https://www.kirklees.gov.uk,Q16995709,Kirklees_Council
local-authority,,188,2025-02-19,,,Royal Borough of Kingston upon Thames,188,,local-authority,some,KTT,,organisation,5630,E5043,,,E09000021,LBO,,E60000215,london,,http://opendatacommunities.org/id/london-borough-council/kingston,,42050,E12000007,E09000021,RBKingston,https://www.kingston.gov.uk,Q6413671,Kingston_upon_Thames_London_Borough_Council
local-authority,,189,2025-02-19,,,Knowsley Metropolitan Borough Council,189,,local-authority,some,KWL,1974-04-01,organisation,4305,E4301,LCR,,E08000011,MD,,E60000047,merseyside,,http://opendatacommunities.org/id/metropolitan-district-council/knowsley,,42093,E12000002,E08000011,KnowsleyCouncil,https://www.knowsley.gov.uk,Q16995750,Knowsley_Metropolitan_Borough_Council
local-authority,,190,2025-02-19,,,Lancaster City Council,190,,local-authority,some,LAC,,organisation,2335,E2337,,,E07000121,NMD,,E60000039,lancashire,,http://opendatacommunities.org/id/district-council/lancaster,,42333,E12000002,E07000121,lancastercc,https://www.lancaster.gov.uk,Q73072658,
local-authority,,191,2025-02-19,,,Lancashire County Council,191,,local-authority,some,LAN,,organisation,,E2321,,,E10000017,CTY,,,,,http://opendatacommunities.org/id/county-council/lancashire,,,E12000002,E10000017,,https://www.lancashire.gov.uk,Q6386149,Lancashire_County_Council
local-authority,,192,2025-02-19,,,London Borough of Lambeth,192,,local-authority,some,LBH,,organisation,5660,E5017,,,E09000022,LBO,,E60000195,london,,http://opendatacommunities.org/id/london-borough-council/lambeth,,42273,E12000007,E09000022,lambeth_council,https://www.lambeth.gov.uk,Q6481450,Lambeth_London_Borough_Council
local-authority,,193,2025-02-19,,,Leicester City Council,193,,local-authority,some,LCE,1905-06-19,organisation,2465,E2401,,,E06000016,UA,,E60000074,leicestershire,,http://opendatacommunities.org/id/unitary-authority/leicester,,42695,E12000004,E06000016,Leicester_News,https://www.leicester.gov.uk,Q6519163,Leicester_City_Council
local-authority,,194,2025-02-19,,,Liverpool City Region,194,,local-authority,some,LCR,2014-04-01,organisation,,,,,E47000004,COMB,,,,,,,403217,E12000002,E47000004,LpoolCityRegion,https://www.liverpoolcityregion-ca.gov.uk,Q16996746,Liverpool_City_Region_Combined_Authority
local-authority,,195,2025-02-19,,,Leeds City Council,195,,local-authority,some,LDS,1905-06-08,organisation,4720,E4704,WYCA,,E08000035,MD,,E60000071,west-yorkshire,,http://opendatacommunities.org/id/metropolitan-district-council/leeds,,42600,E12000003,E08000035,LeedsCC_News,https://www.leeds.gov.uk,Q6515870,Leeds_City_Council
local-authority,,196,2025-02-19,,,Leicestershire County Council,196,,local-authority,some,LEC,1889-01-01,organisation,,E2421,,,E10000018,CTY,,,,,http://opendatacommunities.org/id/county-council/leicestershire,,,E12000004,E10000018,,https://www.leicestershire.gov.uk/,Q6386198,Leicestershire_County_Council
local-authority,,197,2025-02-19,,,Lewes District Council,197,,local-authority,some,LEE,,organisation,1425,E1435,,,E07000063,NMD,,E60000239,sussex,,http://opendatacommunities.org/id/district-council/lewes,,42802,E12000008,E07000063,,https://www.lewes-eastbourne.gov.uk,Q73072662,
local-authority,,198,2025-02-19,,,London Borough of Lewisham,198,,local-authority,some,LEW,,organisation,5690,E5018,,,E09000023,LBO,,E60000196,london,,http://opendatacommunities.org/id/london-borough-council/lewisham,,42816,E12000007,E09000023,,https://www.lewisham.gov.uk,Q6537320,Lewisham_London_Borough_Council
local-authority,,199,2025-02-19,,,City of Lincoln Council,199,,local-authority,some,LIC,,organisation,2515,E2533,,,E07000138,NMD,,E60000094,lincolnshire,,http://opendatacommunities.org/id/district-council/lincoln,,42978,E12000004,E07000138,,https://www.lincoln.gov.uk,Q73072583,City_of_Lincoln_Council
local-authority,,200,2025-02-19,,,Lichfield District Council,200,,local-authority,some,LIF,,organisation,3415,E3433,,,E07000194,NMD,,E60000119,staffordshire,,http://opendatacommunities.org/id/district-council/lichfield,,42924,E12000005,E07000194,,https://www.lichfielddc.gov.uk,Q6543271,Lichfield_District_Council
local-authority,,201,2025-02-19,,,Lincolnshire County Council,201,,local-authority,some,LIN,,organisation,,E2520,,,E10000019,CTY,,,,,http://opendatacommunities.org/id/county-council/lincolnshire,,,E12000004,E10000019,,https://www.lincolnshire.gov.uk,Q16996347,Lincolnshire_County_Council
local-authority,,202,2025-02-19,,,Liverpool City Council,202,,local-authority,some,LIV,1905-06-08,organisation,4310,E4302,LCR,,E08000012,MD,,E60000048,merseyside,,http://opendatacommunities.org/id/metropolitan-district-council/liverpool,,43089,E12000002,E08000012,lpoolcouncil,https://www.liverpool.gov.uk,Q6658351,Liverpool_City_Council
local-authority,,203,2025-02-19,,,City of London Corporation,203,,local-authority,some,LND,1905-06-28,organisation,5030,E5010,,,E09000001,CC,,E60000189,london,,http://opendatacommunities.org/id/london-borough-council/city-of-london,,20561,E12000007,E09000001,,https://www.cityoflondon.gov.uk/,Q1094147,City_of_London_Corporation
local-authority,,204,2025-02-19,,,Luton Borough Council,204,,local-authority,some,LUT,1905-06-19,organisation,230,E0201,,,E06000032,UA,,E60000145,bedfordshire,,http://opendatacommunities.org/id/unitary-authority/luton,,43852,E12000006,E06000032,lutoncouncil,https://www.luton.gov.uk,Q16997109,Luton_Borough_Council
local-authority,,205,2025-02-19,,,Maidstone Borough Council,205,,local-authority,some,MAI,,organisation,2235,E2237,,,E07000110,NMD,,E60000259,kent,,http://opendatacommunities.org/id/district-council/maidstone,,43979,E12000008,E07000110,,https://www.maidstone.gov.uk,Q16997208,Maidstone_Borough_Council
local-authority,,206,2025-02-19,,,Maldon District Council,206,,local-authority,some,MAL,,organisation,1545,E1539,,,E07000074,NMD,,E60000162,essex,,http://opendatacommunities.org/id/district-council/maldon,,44031,E12000006,E07000074,,https://www.maldon.gov.uk,Q73072663,
local-authority,,207,2025-02-19,,,Manchester City Council,207,,local-authority,some,MAN,1974-04-01,organisation,4215,E4203,GMCA,,E08000003,MD,,E60000027,greater-manchester,,http://opendatacommunities.org/id/metropolitan-district-council/manchester,,44096,E12000002,E08000003,ManCityCouncil,https://www.manchester.gov.uk,Q2302252,Manchester_City_Council
local-authority,,208,2025-02-19,,,Mansfield District Council,208,,local-authority,some,MAS,,organisation,3025,E3035,,,E07000174,NMD,,E60000110,nottinghamshire,,http://opendatacommunities.org/id/district-council/mansfield,,44158,E12000004,E07000174,,https://www.mansfield.gov.uk,Q73072669,
local-authority,,209,2025-02-19,,,Malvern Hills District Council,209,,local-authority,some,MAV,,organisation,1820,E1851,,,E07000235,NMD,,E60000138,west-mercia,,http://opendatacommunities.org/id/district-council/malvern-hills,,44044,E12000005,E07000235,,https://www.malvernhills.gov.uk,Q73072667,
local-authority,,210,2025-02-19,,,Middlesbrough Borough Council,210,,local-authority,some,MDB,1905-06-18,organisation,734,E0702,TVCA,,E06000002,UA,,E60000004,cleveland,,http://opendatacommunities.org/id/unitary-authority/middlesbrough,,45710,E12000001,E06000002,MbroCouncil,https://www.middlesbrough.gov.uk,Q6841843,Middlesbrough_Council
local-authority,,211,2025-02-19,,,Mid Devon District Council,211,,local-authority,some,MDE,,organisation,1135,E1133,,,E07000042,NMD,,E60000302,devon-cornwall-and-isle-of-scilly,,http://opendatacommunities.org/id/district-council/mid-devon,,45648,E12000009,E07000042,,https://www.middevon.gov.uk,Q73072676,
local-authority,,212,2025-02-19,,,Medway Council,212,,local-authority,some,MDW,1998-04-01,organisation,2280,E2201,,,E06000035,UA,,E60000224,kent,,http://opendatacommunities.org/id/unitary-authority/medway,,45310,E12000008,E06000035,medway_council,https://www.medway.gov.uk,Q16997526,Medway_Council
local-authority,,213,2025-02-19,,,Melton Borough Council,213,,local-authority,some,MEL,,organisation,2430,E2436,,,E07000133,NMD,,E60000089,leicestershire,,http://opendatacommunities.org/id/district-council/melton,,45336,E12000004,E07000133,,https://www.melton.gov.uk,Q73072672,
local-authority,2023-03-31,214,2025-02-19,,,Mendip District Council,214,,local-authority,some,MEN,,organisation,3305,E3331,,,E07000187,NMD,,E60000314,avon-and-somerset,,http://opendatacommunities.org/id/district-council/mendip,,45352,E12000009,E07000187,,https://www.mendip.gov.uk,Q73072673,
local-authority,,215,2025-02-19,,,Milton Keynes City Council,215,,local-authority,some,MIK,1905-06-19,organisation,435,E0401,,,E06000042,UA,,E60000225,thames-valley,,http://opendatacommunities.org/id/unitary-authority/milton-keynes,,45853,E12000008,E06000042,mkcouncil,https://www.milton-keynes.gov.uk/,Q16997843,Milton_Keynes_City_Council
local-authority,,216,2025-02-19,,,Mole Valley District Council,216,,local-authority,some,MOL,,organisation,3620,E3634,,,E07000210,NMD,,E60000273,surrey,,http://opendatacommunities.org/id/district-council/mole-valley,,46115,E12000008,E07000210,,https://www.molevalley.gov.uk,Q73072681,
local-authority,,217,2025-02-19,,,London Borough of Merton,217,,local-authority,some,MRT,,organisation,5720,E5044,,,E09000024,LBO,,E60000216,london,,http://opendatacommunities.org/id/london-borough-council/merton,,45518,E12000007,E09000024,,https://www.merton.gov.uk,Q6820723,Merton_London_Borough_Council
local-authority,,218,2025-02-19,,,Mid Sussex District Council,218,,local-authority,some,MSS,1974-04-01,organisation,3830,E3836,,,E07000228,NMD,,E60000286,sussex,,http://opendatacommunities.org/id/district-council/mid-sussex,,45680,E12000008,E07000228,,https://www.midsussex.gov.uk,Q73072679,
local-authority,,219,2025-02-19,,,Mid Suffolk District Council,219,,local-authority,some,MSU,,organisation,3520,E3534,,,E07000203,NMD,,E60000186,suffolk,,http://opendatacommunities.org/id/district-council/mid-suffolk,,45677,E12000006,E07000203,,https://www.midsuffolk.gov.uk,Q73072678,
local-authority,,220,2025-02-19,,,Northumberland County Council,220,,local-authority,some,NBL,2009-04-01,organisation,2935,E2901,NNECA,,E06000057,UA,,E60000005,northumbria,,http://opendatacommunities.org/id/unitary-authority/northumberland,,59853,E12000001,E06000057,N_landCouncil,https://www.northumberland.gov.uk,Q6386521,Northumberland_County_Council
local-authority,,221,2025-02-19,,,North Devon District Council,221,,local-authority,some,NDE,,organisation,1115,E1134,,,E07000043,NMD,,E60000303,devon-cornwall-and-isle-of-scilly,,http://opendatacommunities.org/id/district-council/north-devon,,59060,E12000009,E07000043,,https://www.northdevon.gov.uk,Q7055115,North_Devon_Council
local-authority,2019-03-31,222,2025-02-19,,,North Dorset District Council,222,,local-authority,some,NDO,,organisation,1215,E1234,,,E07000050,NMD,,,,,http://opendatacommunities.org/id/district-council/north-dorset,,59067,E12000009,E07000050,,https://www.dorsetforyou.com,Q73072691,
local-authority,,223,2025-02-19,,,Newark and Sherwood District Council,223,,local-authority,some,NEA,,organisation,3030,E3036,,,E07000175,NMD,,E60000111,nottinghamshire,,http://opendatacommunities.org/id/district-council/newark-and-sherwood,,58572,E12000004,E07000175,,https://www.newark-sherwooddc.gov.uk,Q73072684,
local-authority,,224,2025-02-19,,,Newcastle-under-Lyme Borough Council,224,,local-authority,some,NEC,,organisation,3420,E3434,,,E07000195,NMD,,E60000120,staffordshire,,http://opendatacommunities.org/id/district-council/newcastle-staffs,,58616,E12000005,E07000195,,https://www.newcastle-staffs.gov.uk,Q73072687,
local-authority,2024-05-06,225,2025-02-19,,,North East Combined Authority,225,,local-authority,some,NECA,2014-04-15,organisation,,,,,E47000010,COMB,,,,,,,403198,E12000001,E47000010,NorthTyneCA,https://northeastca.gov.uk/,Q16986408,E47000014
local-authority,,226,2025-02-19,,,North East Derbyshire District Council,226,,local-authority,some,NED,,organisation,1035,E1038,,,E07000038,NMD,,E60000083,derbyshire,,http://opendatacommunities.org/id/district-council/north-east-derbyshire,,59093,E12000004,E07000038,,https://www.ne-derbyshire.gov.uk,Q73072692,
local-authority,,227,2025-02-19,,,North East Lincolnshire Council,227,,local-authority,some,NEL,1996-04-01,organisation,2002,E2003,,,E06000012,UA,,E60000054,humber,,http://opendatacommunities.org/id/unitary-authority/north-east-lincolnshire,,59103,E12000003,E06000012,nelcouncil,https://www.nelincs.gov.uk,Q17016820,North_East_Lincolnshire_Council
local-authority,,228,2025-02-19,,,Newcastle City Council,228,,local-authority,some,NET,1974-04-01,organisation,4510,E4502,NNECA,,E08000021,MD,,E60000009,northumbria,,http://opendatacommunities.org/id/metropolitan-district-council/newcastle,,58605,E12000001,E08000021,NewcastleCC,https://www.newcastle.gov.uk,Q16998823,Newcastle_City_Council
local-authority,,229,2025-02-19,,,New Forest District Council,229,,local-authority,some,NEW,,organisation,1740,E1738,,,E07000091,NMD,,E60000249,hampshire-and-isle-of-wight,,http://opendatacommunities.org/id/district-council/new-forest,,58464,E12000008,E07000091,,https://www.newforestdc.gov.uk,Q73072682,
local-authority,,230,2025-02-19,,,Norfolk County Council,230,,local-authority,some,NFK,,organisation,,E2620,,,E10000020,CTY,,,,,http://opendatacommunities.org/id/county-council/norfolk,,,E12000006,E10000020,,https://www.norfolk.gov.uk,Q6386227,Norfolk_County_Council
local-authority,,231,2025-02-19,,,Nottingham City Council,231,,local-authority,some,NGM,1905-06-20,organisation,3060,E3001,,,E06000018,UA,,E60000075,nottinghamshire,,http://opendatacommunities.org/id/unitary-authority/nottingham,,59938,E12000004,E06000018,MyNottingham,https://www.nottinghamcity.gov.uk,Q7063612,Nottingham_City_Council
local-authority,,232,2025-02-19,,,North Hertfordshire District Council,232,,local-authority,some,NHE,,organisation,1925,E1935,,,E07000099,NMD,,E60000170,hertfordshire,,http://opendatacommunities.org/id/district-council/north-hertfordshire,,59164,E12000006,E07000099,,https://www.north-herts.gov.uk,Q7055592,North_Hertfordshire_District_Council
local-authority,,233,2025-02-19,,,North Kesteven District Council,233,,local-authority,some,NKE,,organisation,2520,E2534,,,E07000139,NMD,,E60000095,lincolnshire,,http://opendatacommunities.org/id/district-council/north-kesteven,,59176,E12000004,E07000139,,https://www.n-kesteven.gov.uk,Q28401189,North_Kesteven_District_Council
local-authority,,234,2025-02-19,,,North Lincolnshire Council,234,,local-authority,some,NLN,1996-04-01,organisation,2003,E2004,,,E06000013,UA,,E60000055,humber,,http://opendatacommunities.org/id/unitary-authority/north-lincolnshire,,59184,E12000003,E06000013,NorthLincsCNews,https://www.northlincs.gov.uk,Q17016863,North_Lincolnshire_Council
local-authority,,235,2025-02-19,,,North Norfolk District Council,235,,local-authority,some,NNO,,organisation,2620,E2635,,,E07000147,NMD,,E60000180,norfolk,,http://opendatacommunities.org/id/district-council/north-norfolk,,59203,E12000006,E07000147,,https://www.northnorfolk.org/,Q73072695,
local-authority,2020-03-31,236,2025-02-19,,,Northampton Borough Council,236,,local-authority,some,NOR,1974-04-01,organisation,2825,E2835,,,E07000154,NMD,,E60000103,northamptonshire,,http://opendatacommunities.org/id/district-council/northampton,,,E12000004,E07000154,NorthamptonBC,https://www.northampton.gov.uk,Q73072702,Northampton_Borough_Council
local-authority,,237,2025-02-19,,,Norwich City Council,237,,local-authority,some,NOW,,organisation,2625,E2636,,,E07000148,NMD,,E60000181,norfolk,,http://opendatacommunities.org/id/district-council/norwich,,59917,E12000006,E07000148,,https://www.norwich.gov.uk,Q17012769,Norwich_City_Council
local-authority,,238,2025-02-19,,,North Somerset Council,238,,local-authority,some,NSM,1996-04-01,organisation,121,E0104,,,E06000024,UA,,E60000294,avon-and-somerset,,http://opendatacommunities.org/id/unitary-authority/north-somerset,,59245,E12000009,E06000024,NorthSomersetC,https://www.n-somerset.gov.uk,Q17016922,North_Somerset_Council
local-authority,2024-05-07,239,2025-02-19,,,North of Tyne Combined Authority,239,,local-authority,some,NTCA,2018-11-02,organisation,,,,,E47000011,COMB,,,,,,,449341,E12000001,E47000011,NorthTyneCA,https://www.northoftyne-ca.gov.uk/,Q55136954,North_of_Tyne_Combined_Authority
local-authority,2021-03-31,240,2025-02-19,,,Northamptonshire County Council,240,,local-authority,some,NTH,1974-04-01,organisation,,E2820,,,E10000021,CTY,,,,,http://opendatacommunities.org/id/county-council/northamptonshire,,59427,E12000004,E10000021,,https://www.northamptonshire.gov.uk,Q14942414,Northamptonshire_County_Council
local-authority,,241,2025-02-19,,,Nottinghamshire County Council,241,,local-authority,some,NTT,1937-01-01,organisation,,E3021,EMCCA,,E10000024,CTY,,,,,http://opendatacommunities.org/id/county-council/nottinghamshire,,,E12000004,E10000024,NottsCC,https://www.nottinghamshire.gov.uk/council-and-democracy,Q16934215,Nottinghamshire_County_Council
local-authority,,242,2025-02-19,,,North Tyneside Council,242,,local-authority,some,NTY,1974-04-01,organisation,4515,E4503,NNECA,,E08000022,MD,,E60000010,northumbria,,http://opendatacommunities.org/id/metropolitan-district-council/north-tyneside,,59283,E12000001,E08000022,NTCouncilTeam,https://www.northtyneside.gov.uk,Q17017005,North_Tyneside_Council
local-authority,,243,2025-02-19,,,Nuneaton and Bedworth Borough Council,243,,local-authority,some,NUN,,organisation,3710,E3732,,,E07000219,NMD,,E60000126,warwickshire,,http://opendatacommunities.org/id/district-council/nuneaton-and-bedworth,,60081,E12000005,E07000219,,https://www.nuneatonandbedworth.gov.uk,Q73072703,
local-authority,,244,2025-02-19,,,North Warwickshire Borough Council,244,,local-authority,some,NWA,,organisation,3705,E3731,,,E07000218,NMD,,E60000125,warwickshire,,http://opendatacommunities.org/id/district-council/north-warwickshire,,59314,E12000005,E07000218,,https://www.northwarks.gov.uk,Q73072698,
local-authority,,245,2025-02-19,,,North West Leicestershire District Council,245,,local-authority,some,NWL,,organisation,2435,E2437,,,E07000134,NMD,,E60000090,leicestershire,,http://opendatacommunities.org/id/district-council/north-west-leicestershire,,59353,E12000004,E07000134,,https://www.nwleics.gov.uk,Q73072699,
local-authority,,246,2025-02-19,,,London Borough of Newham,246,,local-authority,some,NWM,,organisation,5750,E5045,,,E09000025,LBO,,E60000197,london,,http://opendatacommunities.org/id/london-borough-council/newham,,43395,E12000007,E09000025,,https://www.newham.gov.uk,Q7018141,Newham_London_Borough_Council
local-authority,2023-03-31,247,2025-02-19,,,North Yorkshire County Council,247,,local-authority,some,NYK,,organisation,,E2721,,,E10000023,CTY,,,,,http://opendatacommunities.org/id/county-council/north-yorkshire,,,E12000003,E10000023,northyorkscc,https://www.northyorks.gov.uk,Q17017103,North_Yorkshire_County_Council
local-authority,,248,2025-02-19,,,Oadby and Wigston Borough Council,248,,local-authority,some,OAD,,organisation,2440,E2438,,,E07000135,NMD,,E60000091,leicestershire,,http://opendatacommunities.org/id/district-council/oadby-and-wigston,,60132,E12000004,E07000135,,https://oadby-wigston.gov.uk,Q73072704,
local-authority,,249,2025-02-19,,,Oldham Metropolitan Borough Council,249,,local-authority,some,OLD,1905-06-07,organisation,4220,E4204,GMCA,,E08000004,MD,,E60000028,greater-manchester,,http://opendatacommunities.org/id/metropolitan-district-council/oldham,,60400,E12000002,E08000004,OldhamCouncil,https://www.oldham.gov.uk,Q17017730,Oldham_Council
local-authority,,250,2025-02-19,,,Oxfordshire County Council,250,,local-authority,some,OXF,,organisation,,E3120,,,E10000025,CTY,,,,,http://opendatacommunities.org/id/county-council/oxfordshire,,,E12000008,E10000025,,https://www.oxfordshire.gov.uk,Q6386253,Oxfordshire_County_Council
local-authority,,251,2025-02-19,,,Oxford City Council,251,,local-authority,some,OXO,,organisation,3110,E3132,,,E07000178,NMD,,E60000266,thames-valley,,http://opendatacommunities.org/id/district-council/oxford,,60776,E12000008,E07000178,,https://www.oxford.gov.uk,Q7115277,Oxford_City_Council
local-authority,,252,2025-02-19,,,Pendle Borough Council,252,,local-authority,some,PEN,,organisation,2340,E2338,,,E07000122,NMD,,E60000040,lancashire,,http://opendatacommunities.org/id/district-council/pendle,,61329,E12000002,E07000122,,https://www.pendle.gov.uk,Q7162423,Pendle_Borough_Council
local-authority,,253,2025-02-19,,,Plymouth City Council,253,,local-authority,some,PLY,1998-04-01,organisation,1160,E1101,,,E06000026,UA,,E60000295,devon-cornwall-and-isle-of-scilly,,http://opendatacommunities.org/id/unitary-authority/plymouth,,82878,E12000009,E06000026,plymouthcc,https://www.plymouth.gov.uk,Q7205775,Plymouth_City_Council
local-authority,2019-03-31,254,2025-02-19,,,Borough of Poole,254,,local-authority,some,POL,1997-04-01,organisation,1255,E1201,,,E06000029,UA,,,,,http://opendatacommunities.org/id/unitary-authority/poole,,61608,E12000009,E06000029,,https://www.boroughofpoole.com,Q7228609,Poole_Borough_Council
local-authority,,255,2025-02-19,,,Portsmouth City Council,255,,local-authority,some,POR,1905-06-20,organisation,1775,E1701,,,E06000044,UA,,E60000226,hampshire-and-isle-of-wight,,http://opendatacommunities.org/id/unitary-authority/portsmouth,,61679,E12000008,E06000044,portsmouthtoday,https://www.portsmouth.gov.uk,Q17104656,Portsmouth_City_Council
local-authority,,256,2025-02-19,,,Preston City Council,256,,local-authority,some,PRE,,organisation,2345,E2339,,,E07000123,NMD,,E60000041,lancashire,,http://opendatacommunities.org/id/district-council/preston,,61876,E12000002,E07000123,,https://www.preston.gov.uk,Q65089357,Preston_City_Council
local-authority,,257,2025-02-19,,,Peterborough City Council,257,,local-authority,some,PTE,1905-06-20,organisation,540,E0501,CPCA,,E06000031,UA,,E60000146,cambridgeshire,,http://opendatacommunities.org/id/unitary-authority/peterborough,,61538,E12000006,E06000031,PeterboroughCC,https://www.peterborough.gov.uk,Q6664413,Peterborough_City_Council
local-authority,2019-03-31,258,2025-02-19,,,Purbeck District Council,258,,local-authority,some,PUR,,organisation,1225,E1236,,,E07000051,NMD,,,,,http://opendatacommunities.org/id/district-council/purbeck,,65559,E12000009,E07000051,,https://www.dorsetforyou.com,Q73072707,
local-authority,,259,2025-02-19,,,Redcar and Cleveland Borough Council,259,,local-authority,some,RCC,1996-04-01,organisation,728,E0703,TVCA,,E06000003,UA,,E60000006,cleveland,,http://opendatacommunities.org/id/unitary-authority/redcar-and-cleveland,,66064,E12000001,E06000003,RedcarCleveland,https://www.redcar-cleveland.gov.uk,Q17019415,Redcar_and_Cleveland_Borough_Council
local-authority,,260,2025-02-19,,,Rochdale Metropolitan Borough Council,260,,local-authority,some,RCH,1905-05-27,organisation,4225,E4205,GMCA,,E08000005,MD,,E60000029,greater-manchester,,http://opendatacommunities.org/id/metropolitan-district-council/rochdale,,66760,E12000002,E08000005,RochdaleCouncil,https://www.rochdale.gov.uk,Q17019804,Rochdale_Borough_Council
local-authority,,261,2025-02-19,,,London Borough of Redbridge,261,,local-authority,some,RDB,,organisation,5780,E5046,,,E09000026,LBO,,E60000217,london,,http://opendatacommunities.org/id/london-borough-council/redbridge,,66059,E12000007,E09000026,RedbridgeLive,https://www.redbridge.gov.uk,Q7305508,Redbridge_London_Borough_Council
local-authority,,262,2025-02-19,,,Reading Borough Council,262,,local-authority,some,RDG,1905-05-27,organisation,345,E0303,,,E06000038,UA,,E60000227,thames-valley,,http://opendatacommunities.org/id/unitary-authority/reading,,66004,E12000008,E06000038,ReadingCouncil,http://www.reading.gov.uk,Q17018654,Reading_Borough_Council
local-authority,,263,2025-02-19,,,Redditch Borough Council,263,,local-authority,some,RED,,organisation,1825,E1835,,,E07000236,NMD,,E60000139,west-mercia,,http://opendatacommunities.org/id/district-council/redditch,,66070,E12000005,E07000236,,https://www.redditchbc.gov.uk,Q14978996,Redditch_Borough_Council
local-authority,,264,2025-02-19,,,Reigate and Banstead Borough Council,264,,local-authority,some,REI,,organisation,3625,E3635,,,E07000211,NMD,,E60000274,surrey,,http://opendatacommunities.org/id/district-council/reigate-banstead,,66252,E12000008,E07000211,,https://www.reigate-banstead.gov.uk,Q73072709,
local-authority,,265,2025-02-19,,,Ribble Valley Borough Council,265,,local-authority,some,RIB,,organisation,2350,E2340,,,E07000124,NMD,,E60000042,lancashire,,http://opendatacommunities.org/id/district-council/ribble-valley,,66591,E12000002,E07000124,,https://www.ribblevalley.gov.uk,Q73072712,
local-authority,,266,2025-02-19,,,London Borough of Richmond upon Thames,266,,local-authority,some,RIC,,organisation,5810,E5047,,,E09000027,LBO,,E60000218,london,,http://opendatacommunities.org/id/london-borough-council/richmond,,66618,E12000007,E09000027,LBRUT,https://www.richmond.gov.uk,Q7331065,Richmond_upon_Thames_London_Borough_Council
local-authority,2023-03-31,267,2025-02-19,,,Richmondshire District Council,267,,local-authority,some,RIH,,organisation,2720,E2734,,,E07000166,NMD,,E60000060,north-yorkshire,,http://opendatacommunities.org/id/district-council/richmondshire,,66622,E12000003,E07000166,,https://richmondshire.gov.uk,Q73072715,
local-authority,,268,2025-02-19,,,Rochford District Council,268,,local-authority,some,ROC,,organisation,1550,E1540,,,E07000075,NMD,,E60000163,essex,,http://opendatacommunities.org/id/district-council/rochford,,66766,E12000006,E07000075,,https://www.rochford.gov.uk,Q73072717,
local-authority,,269,2025-02-19,,,Rother District Council,269,,local-authority,some,ROH,,organisation,1430,E1436,,,E07000064,NMD,,E60000240,sussex,,http://opendatacommunities.org/id/district-council/rother,,66849,E12000008,E07000064,RotherDC,https://www.rother.gov.uk,Q73072720,Rother_District_Council
local-authority,,270,2025-02-19,,,Rossendale Borough Council,270,,local-authority,some,ROS,,organisation,2355,E2341,,,E07000125,NMD,,E60000043,lancashire,,http://opendatacommunities.org/id/district-council/rossendale,,66840,E12000002,E07000125,,https://www.rossendale.gov.uk,Q7369771,Rossendale_Borough_Council
local-authority,,271,2025-02-19,,,Rotherham Metropolitan Borough Council,271,,local-authority,some,ROT,1905-05-27,organisation,4415,E4403,SYMCA,,E08000018,MD,,E60000066,south-yorkshire,,http://opendatacommunities.org/id/metropolitan-district-council/rotherham,,66858,E12000003,E08000018,RMBCPress,https://www.rotherham.gov.uk,Q17020059,Rotherham_Metropolitan_Borough_Council
local-authority,,272,2025-02-19,,,Rugby Borough Council,272,,local-authority,some,RUG,,organisation,3715,E3733,,,E07000220,NMD,,E60000127,warwickshire,,http://opendatacommunities.org/id/district-council/rugby,,67239,E12000005,E07000220,,https://www.rugby.gov.uk,Q73072725,
local-authority,,273,2025-02-19,,,Rushmoor Borough Council,273,,local-authority,some,RUH,,organisation,1750,E1740,,,E07000092,NMD,,E60000250,hampshire-and-isle-of-wight,,http://opendatacommunities.org/id/district-council/rushmoor,,67311,E12000008,E07000092,,https://www.rushmoor.gov.uk,Q73072730,
local-authority,,274,2025-02-19,,,Runnymede Borough Council,274,,local-authority,some,RUN,,organisation,3630,E3636,,,E07000212,NMD,,E60000275,surrey,,http://opendatacommunities.org/id/district-council/runnymede,,67252,E12000008,E07000212,,https://www.runnymede.gov.uk,Q73072726,
local-authority,,275,2025-02-19,,,Rushcliffe Borough Council,275,,local-authority,some,RUS,,organisation,3040,E3038,,,E07000176,NMD,,E60000112,nottinghamshire,,http://opendatacommunities.org/id/district-council/rushcliffe,,67309,E12000004,E07000176,,https://www.rushcliffe.gov.uk,Q73072729,
local-authority,,276,2025-02-19,,,Rutland County Council,276,,local-authority,some,RUT,1997-04-01,organisation,2470,E2402,,,E06000017,UA,,E60000076,leicestershire,,http://opendatacommunities.org/id/unitary-authority/rutland,,67340,E12000004,E06000017,rutlandcouncil,https://www.rutland.gov.uk,Q7383481,Rutland_County_Council
local-authority,2023-03-31,277,2025-02-19,,,Ryedale District Council,277,,local-authority,some,RYE,,organisation,2725,E2755,,,E07000167,NMD,,E60000061,north-yorkshire,,http://opendatacommunities.org/id/district-council/ryedale,,67358,E12000003,E07000167,,https://www.ryedale.gov.uk,Q73072732,
local-authority,,278,2025-02-19,,,St Albans City and District Council,278,,local-authority,some,SAL,1974-04-01,organisation,1930,E1936,,,E07000240,NMD,,E60000171,hertfordshire,,http://opendatacommunities.org/id/district-council/st-albans,,68877,E12000006,E07000240,,https://www.stalbans.gov.uk,Q7592257,St_Albans_City_and_District_Council
local-authority,,279,2025-02-19,,,Sandwell Metropolitan Borough Council,279,,local-authority,some,SAW,1905-06-07,organisation,4620,E4604,WMCA,,E08000028,MD,,E60000133,west-midlands,,http://opendatacommunities.org/id/metropolitan-district-council/sandwell,,67499,E12000005,E08000028,sandwellcouncil,https://www.sandwell.gov.uk,Q7417057,Sandwell_Metropolitan_Borough_Council
local-authority,2020-03-31,280,2025-02-19,,,South Bucks District Council,280,,local-authority,some,SBU,,organisation,410,E0434,,,E07000006,NMD,,E60000235,thames-valley,,http://opendatacommunities.org/id/district-council/south-bucks,,426086,E12000008,E07000006,,https://www.southbucks.gov.uk,Q65089619,South_Bucks_District_Council
local-authority,,281,2025-02-19,,,South Cambridgeshire District Council,281,,local-authority,some,SCA,,organisation,530,E0536,CPCA,,E07000012,NMD,,E60000153,cambridgeshire,,http://opendatacommunities.org/id/district-council/south-cambridgeshire,,68236,E12000006,E07000012,,https://www.scambs.gov.uk,Q7566485,South_Cambridgeshire_District_Council
local-authority,2023-03-31,282,2025-02-19,,,Scarborough Borough Council,282,,local-authority,some,SCE,,organisation,2730,E2736,,,E07000168,NMD,,E60000062,north-yorkshire,,http://opendatacommunities.org/id/district-council/scarborough,,67582,E12000003,E07000168,,https://www.scarborough.gov.uk,Q73072735,
local-authority,,283,2025-02-19,,,South Yorkshire Mayoral Combined Authority,283,,local-authority,some,SYMCA,2018-05-03,organisation,,,,,E47000002,COMB,,,,,,,494227,E12000003,E47000002,SouthYorksMCA,https://www.southyorkshire-ca.gov.uk/,Q17020947,South_Yorkshire_Mayoral_Combined_Authority
local-authority,,284,2025-02-19,,,South Derbyshire District Council,284,,local-authority,some,SDE,,organisation,1040,E1039,,,E07000039,NMD,,E60000084,derbyshire,,http://opendatacommunities.org/id/district-council/south-derbyshire,,68248,E12000004,E07000039,,https://www.southderbyshire.gov.uk/,Q73072741,
local-authority,2019-03-31,285,2025-02-19,,,St Edmundsbury Borough Council,285,,local-authority,some,SED,,organisation,3525,E3535,,,E07000204,NMD,,,,,http://opendatacommunities.org/id/district-council/st-edmundsbury,,68906,E12000006,E07000204,,https://www.stedmundsbury.gov.uk,Q73072776,
local-authority,2023-03-31,286,2025-02-19,,,Sedgemoor District Council,286,,local-authority,some,SEG,,organisation,3310,E3332,,,E07000188,NMD,,E60000315,avon-and-somerset,,http://opendatacommunities.org/id/district-council/sedgemoor,,69746,E12000009,E07000188,,https://www.sedgemoor.gov.uk,Q73072737,Sedgemoor_District_Council
local-authority,2023-03-31,287,2025-02-19,,,Selby District Council,287,,local-authority,some,SEL,,organisation,2735,E2757,,,E07000169,NMD,,E60000063,north-yorkshire,,http://opendatacommunities.org/id/district-council/selby,,69766,E12000003,E07000169,,https://www.selby.gov.uk,Q73072740,
local-authority,,288,2025-02-19,,,Sevenoaks District Council,288,,local-authority,some,SEV,,organisation,2245,E2239,,,E07000111,NMD,,E60000260,kent,,http://opendatacommunities.org/id/district-council/sevenoaks,,69874,E12000008,E07000111,,https://www.sevenoaks.gov.uk,Q55098936,Sevenoaks_District_Council
local-authority,,289,2025-02-19,,,Suffolk County Council,289,,local-authority,some,SFK,,organisation,,E3520,,,E10000029,CTY,,,,,http://opendatacommunities.org/id/county-council/suffolk,,,E12000006,E10000029,,https://www.suffolk.gov.uk,Q3305205,Suffolk_County_Council
local-authority,,290,2025-02-19,,,Sefton Metropolitan Borough Council,290,,local-authority,some,SFT,1905-06-08,organisation,4320,E4304,LCR,,E08000014,MD,,E60000049,merseyside,,http://opendatacommunities.org/id/metropolitan-district-council/sefton,,69756,E12000002,E08000014,seftoncouncil,https://www.sefton.gov.uk,Q7446119,Sefton_Council
local-authority,,291,2025-02-19,,,South Gloucestershire Council,291,,local-authority,some,SGC,1905-06-18,organisation,119,E0103,WECA,,E06000025,UA,,E60000296,avon-and-somerset,,http://opendatacommunities.org/id/unitary-authority/south-gloucestershire,,68358,E12000009,E06000025,sgloscouncil,https://www.southglos.gov.uk,Q17020724,South_Gloucestershire_Council
local-authority,,292,2025-02-19,,,South Hams District Council,292,,local-authority,some,SHA,,organisation,1125,E1136,,,E07000044,NMD,,E60000304,devon-cornwall-and-isle-of-scilly,,http://opendatacommunities.org/id/district-council/south-hams,,68363,E12000009,E07000044,SouthHams_DC,https://www.southhams.gov.uk/,Q23461861,South_Hams_District_Council
local-authority,,293,2025-02-19,,,Folkestone and Hythe Council,293,,local-authority,some,SHE,,organisation,2250,E2240,,,E07000112,NMD,,E60000257,kent,,http://opendatacommunities.org/id/district-council/shepway,,,E12000008,E07000112,,https://www.folkestone-hythe.gov.uk,Q55099243,Folkestone_%26_Hythe_District_Council
local-authority,,294,2025-02-19,,,Sheffield City Council,294,,local-authority,some,SHF,1905-06-08,organisation,4420,E4404,SYMCA,,E08000019,MD,,E60000067,south-yorkshire,,http://opendatacommunities.org/id/metropolitan-district-council/sheffield,,69983,E12000003,E08000019,SheffCouncil,https://www.sheffield.gov.uk,Q7492609,Sheffield_City_Council
local-authority,,295,2025-02-19,,,St Helens Council,295,,local-authority,some,SHN,1905-06-08,organisation,4315,E4303,LCR,,E08000013,MD,,E60000050,merseyside,,http://opendatacommunities.org/id/metropolitan-district-council/st-helens,,68925,E12000002,E08000013,,https://www.sthelens.gov.uk,Q17022094,St_Helens_Council
local-authority,,296,2025-02-19,,,South Holland District Council,296,,local-authority,some,SHO,,organisation,2525,E2535,,,E07000140,NMD,,E60000096,lincolnshire,,http://opendatacommunities.org/id/district-council/south-holland,,68364,E12000004,E07000140,,https://www.sholland.gov.uk,Q73072743,
local-authority,,297,2025-02-19,,,Shropshire Council,297,,local-authority,some,SHR,2009-04-01,organisation,3245,E3202,,,E06000051,UA,,E60000114,west-mercia,,http://opendatacommunities.org/id/unitary-authority/shropshire,,70144,E12000005,E06000051,,https://www.shropshire.gov.uk,Q93612,Shropshire_Council
local-authority,,298,2025-02-19,,,South Kesteven District Council,298,,local-authority,some,SKE,,organisation,2530,E2536,,,E07000141,NMD,,E60000097,lincolnshire,,http://opendatacommunities.org/id/district-council/south-kesteven,,68371,E12000004,E07000141,,https://www.southkesteven.gov.uk,Q73072747,
local-authority,,299,2025-02-19,,,Stockport Metropolitan Borough Council,299,,local-authority,some,SKP,1905-05-27,organisation,4235,E4207,GMCA,,E08000007,MD,,E60000031,greater-manchester,,http://opendatacommunities.org/id/metropolitan-district-council/stockport,,69323,E12000002,E08000007,StockportMBC,https://www.stockport.gov.uk,Q7618164,Stockport_Metropolitan_Borough_Council
local-authority,2023-03-31,300,2025-02-19,,,South Lakeland District Council,300,,local-authority,some,SLA,,organisation,930,E0936,,,E07000031,NMD,,E60000024,cumbria,,http://opendatacommunities.org/id/district-council/south-lakeland,,68373,E12000002,E07000031,,https://www.southlakeland.gov.uk,Q73072749,
local-authority,,301,2025-02-19,,,Salford City Council,301,,local-authority,some,SLF,1905-05-27,organisation,4230,E4206,GMCA,,E08000006,MD,,E60000030,greater-manchester,,http://opendatacommunities.org/id/metropolitan-district-council/salford,,67435,E12000002,E08000006,SalfordCouncil,https://www.salford.gov.uk,Q17020402,Salford_City_Council
local-authority,,302,2025-02-19,,,Slough Borough Council,302,,local-authority,some,SLG,1998-04-01,organisation,350,E0304,,,E06000039,UA,,E60000228,thames-valley,,http://opendatacommunities.org/id/unitary-authority/slough,,70343,E12000008,E06000039,SloughCouncil,https://www.slough.gov.uk,Q7541466,Slough_Borough_Council
local-authority,,303,2025-02-19,,,Sunderland City Council,303,,local-authority,some,SND,1905-05-27,organisation,4525,E4505,NNECA,,E08000024,MD,,E60000012,northumbria,,http://opendatacommunities.org/id/metropolitan-district-council/sunderland,,82112,E12000001,E08000024,SunderlandUK,https://www.sunderland.gov.uk,Q17022675,Sunderland_City_Council
local-authority,,304,2025-02-19,,,South Norfolk District Council,304,,local-authority,some,SNO,,organisation,2630,E2637,,,E07000149,NMD,,E60000182,norfolk,,http://opendatacommunities.org/id/district-council/south-norfolk,,69084,E12000006,E07000149,,https://www.south-norfolk.gov.uk,Q73072752,
local-authority,2021-03-31,305,2025-02-19,,,South Northamptonshire Council,305,,local-authority,some,SNR,1974-04-01,organisation,2830,E2836,,,E07000155,NMD,,E60000104,northamptonshire,,http://opendatacommunities.org/id/district-council/south-northamptonshire,,69085,E12000004,E07000155,,https://www.southnorthants.gov.uk,Q105544722,
local-authority,,306,2025-02-19,,,Solihull Metropolitan Borough Council,306,,local-authority,some,SOL,1905-05-27,organisation,4625,E4605,WMCA,,E08000029,MD,,E60000134,west-midlands,,http://opendatacommunities.org/id/metropolitan-district-council/solihull,,68088,E12000005,E08000029,SolihullCouncil,https://www.solihull.gov.uk,Q17021590,Solihull_Metropolitan_Borough_Council
local-authority,2023-03-31,307,2025-02-19,,,Somerset County Council,307,,local-authority,some,SOM,,organisation,,E3320,,,E10000027,CTY,,,,,http://opendatacommunities.org/id/county-council/somerset,,,E12000009,E10000027,SomersetCouncil,https://www.somerset.gov.uk,Q6386270,Somerset_County_Council
local-authority,,308,2025-02-19,,,Southend-on-Sea Borough Council,308,,local-authority,some,SOS,1905-06-20,organisation,1590,E1501,,,E06000033,UA,,E60000147,essex,,http://opendatacommunities.org/id/unitary-authority/southend,,70563,E12000006,E06000033,SouthendBC,https://www.southend.gov.uk,Q7569516,Southend-on-Sea_City_Council
local-authority,,309,2025-02-19,,,South Oxfordshire District Council,309,,local-authority,some,SOX,,organisation,3115,E3133,,,E07000179,NMD,,E60000267,thames-valley,,http://opendatacommunities.org/id/district-council/south-oxfordshire,,69089,E12000008,E07000179,,https://www.southoxon.gov.uk,Q65089301,South_Oxfordshire_District_Council
local-authority,,310,2025-02-19,,,Spelthorne Borough Council,310,,local-authority,some,SPE,,organisation,3635,E3637,,,E07000213,NMD,,E60000276,surrey,,http://opendatacommunities.org/id/district-council/spelthorne,,68783,E12000008,E07000213,,https://www.spelthorne.gov.uk,Q73072774,Spelthorne_Borough_Council
local-authority,,311,2025-02-19,,,South Ribble Borough Council,311,,local-authority,some,SRI,,organisation,2360,E2342,,,E07000126,NMD,,E60000044,lancashire,,http://opendatacommunities.org/id/district-council/south-ribble,,69096,E12000002,E07000126,,https://www.southribble.gov.uk,Q73072755,
local-authority,,312,2025-02-19,,,Surrey County Council,312,,local-authority,some,SRY,,organisation,,E3620,,,E10000030,CTY,,,,,http://opendatacommunities.org/id/county-council/surrey,,,E12000008,E10000030,,https://www.surreycc.gov.uk,Q6386325,Surrey_County_Council
local-authority,2023-03-31,313,2025-02-19,,,South Somerset District Council,313,,local-authority,some,SSO,,organisation,3325,E3334,,,E07000189,NMD,,E60000317,avon-and-somerset,,http://opendatacommunities.org/id/district-council/south-somerset,,69105,E12000009,E07000189,,https://www.southsomerset.gov.uk,Q73072757,
local-authority,,314,2025-02-19,,,South Staffordshire Council,314,,local-authority,some,SST,,organisation,3430,E3435,,,E07000196,NMD,,E60000121,staffordshire,,http://opendatacommunities.org/id/district-council/south-staffordshire,,69110,E12000005,E07000196,,https://www.sstaffs.gov.uk,Q73072759,
local-authority,,315,2025-02-19,,,Stafford Borough Council,315,,local-authority,some,STA,,organisation,3425,E3436,,,E07000197,NMD,,E60000122,staffordshire,,http://opendatacommunities.org/id/district-council/stafford,,68980,E12000005,E07000197,,https://www.staffordbc.gov.uk,Q73072778,
local-authority,,316,2025-02-19,,,Stoke-on-Trent City Council,316,,local-authority,some,STE,1905-06-20,organisation,3455,E3401,,,E06000021,UA,,E60000115,staffordshire,,http://opendatacommunities.org/id/unitary-authority/stoke-on-trent,,69336,E12000005,E06000021,,https://www.stoke.gov.uk,Q17022507,Stoke-on-Trent_City_Council
local-authority,,317,2025-02-19,,,Staffordshire Moorlands District Council,317,,local-authority,some,STF,,organisation,3435,E3437,,,E07000198,NMD,,E60000123,staffordshire,,http://opendatacommunities.org/id/district-council/staffordshire-moorlands,,69001,E12000005,E07000198,,https://www.staffsmoorlands.gov.uk,Q73072779,
local-authority,,318,2025-02-19,,,Southampton City Council,318,,local-authority,some,STH,1905-06-19,organisation,1780,E1702,,,E06000045,UA,,E60000229,hampshire-and-isle-of-wight,,http://opendatacommunities.org/id/unitary-authority/southampton,,70539,E12000008,E06000045,SouthamptonCC,https://www.southampton.gov.uk/,Q17021809,Southampton_City_Council
local-authority,,319,2025-02-19,,,London Borough of Sutton,319,,local-authority,some,STN,,organisation,5870,E5048,,,E09000029,LBO,,E60000219,london,,http://opendatacommunities.org/id/london-borough-council/sutton,,82284,E12000007,E09000029,SuttonCouncil,https://www.sutton.gov.uk,Q7650288,Sutton_London_Borough_Council
local-authority,,320,2025-02-19,,,Stroud District Council,320,,local-authority,some,STO,,organisation,1625,E1635,,,E07000082,NMD,,E60000312,gloucestershire,,http://opendatacommunities.org/id/district-council/stroud,,81990,E12000009,E07000082,StroudDC,https://www.stroud.gov.uk,Q28401169,Stroud_District_Council
local-authority,,321,2025-02-19,,,Stratford-on-Avon District Council,321,,local-authority,some,STR,,organisation,3720,E3734,,,E07000221,NMD,,E60000128,warwickshire,,http://opendatacommunities.org/id/district-council/stratford,,81948,E12000005,E07000221,,https://www.stratford.gov.uk,Q73072781,
local-authority,,322,2025-02-19,,,Staffordshire County Council,322,,local-authority,some,STS,,organisation,,E3421,,,E10000028,CTY,,,,,http://opendatacommunities.org/id/county-council/staffordshire,,,E12000005,E10000028,staffordshirecc,https://www.staffordshire.gov.uk,Q6386295,Staffordshire_County_Council
local-authority,,323,2025-02-19,,,Stockton-on-Tees Borough Council,323,,local-authority,some,STT,1905-06-18,organisation,738,E0704,TVCA,,E06000004,UA,,E60000007,cleveland,,http://opendatacommunities.org/id/unitary-authority/stockton-on-tees,,69329,E12000001,E06000004,,https://www.stockton.gov.uk,Q17022493,Stockton-on-Tees_Borough_Council
local-authority,,324,2025-02-19,,,Stevenage Borough Council,324,,local-authority,some,STV,,organisation,1935,E1937,,,E07000243,NMD,,E60000172,hertfordshire,,http://opendatacommunities.org/id/district-council/stevenage,,69286,E12000006,E07000243,,https://www.stevenage.gov.uk,Q7615422,Stevenage_Borough_Council
local-authority,,325,2025-02-19,,,South Tyneside Council,325,,local-authority,some,STY,1974-04-01,organisation,4520,E4504,NNECA,,E08000023,MD,,E60000011,northumbria,,http://opendatacommunities.org/id/metropolitan-district-council/south-tyneside,,69133,E12000001,E08000023,,https://www.southtyneside.info,Q23463529,South_Tyneside_Council
local-authority,2019-03-31,326,2025-02-19,,,Suffolk Coastal District Council,326,,local-authority,some,SUF,,organisation,3530,E3536,,,E07000205,NMD,,,,,http://opendatacommunities.org/id/district-council/suffolk-coastal,,82061,E12000006,E07000205,,https://www.suffolkcoastal.gov.uk,Q73072783,
local-authority,,327,2025-02-19,,,Surrey Heath Borough Council,327,,local-authority,some,SUR,,organisation,3640,E3638,,,E07000214,NMD,,E60000277,surrey,,http://opendatacommunities.org/id/district-council/surrey-heath,,82191,E12000008,E07000214,,https://www.surreyheath.gov.uk,Q73072785,
local-authority,,328,2025-02-19,,,Swindon Borough Council,328,,local-authority,some,SWD,1905-06-20,organisation,3935,E3901,,,E06000030,UA,,E60000297,wiltshire-and-swindon,,http://opendatacommunities.org/id/unitary-authority/swindon,,82385,E12000009,E06000030,swindoncouncil,https://www.swindon.gov.uk,Q17040033,Swindon_Borough_Council
local-authority,,329,2025-02-19,,,London Borough of Southwark,329,,local-authority,some,SWK,,organisation,5840,E5019,,,E09000028,LBO,,E60000198,london,,http://opendatacommunities.org/id/london-borough-council/southwark,,70632,E12000007,E09000028,lb_southwark,https://www.southwark.gov.uk,Q7571153,Southwark_London_Borough_Council
local-authority,,330,2025-02-19,,,Swale Borough Council,330,,local-authority,some,SWL,,organisation,2255,E2241,,,E07000113,NMD,,E60000261,kent,,http://opendatacommunities.org/id/district-council/swale,,82294,E12000008,E07000113,,https://www.swale.gov.uk,Q55098937,Swale_Borough_Council
local-authority,2023-03-31,331,2025-02-19,,,Somerset West and Taunton Council,331,,local-authority,some,SWT,2019-04-01,organisation,,,,,E07000246,NMD,,E60000316,avon-and-somerset,,http://opendatacommunities.org/id/district-council/somerset-west-and-taunton,,444772,E12000009,E07000246,SWTCouncil,https://www.somersetwestandtaunton.gov.uk,Q60790331,Somerset_West_and_Taunton_Council
local-authority,,332,2025-02-19,,,Tameside Metropolitan Borough Council,332,,local-authority,some,TAM,1974-04-01,organisation,4240,E4208,GMCA,,E08000008,MD,,E60000032,greater-manchester,,http://opendatacommunities.org/id/metropolitan-district-council/tameside,,82504,E12000002,E08000008,TamesideCouncil,https://www.tameside.gov.uk,Q17041259,Tameside_Metropolitan_Borough_Council
local-authority,,333,2025-02-19,,,Tandridge District Council,333,,local-authority,some,TAN,,organisation,3645,E3639,,,E07000215,NMD,,E60000278,surrey,,http://opendatacommunities.org/id/district-council/tandridge,,82515,E12000008,E07000215,,https://www.tandridge.gov.uk,Q73072790,
local-authority,2019-03-31,334,2025-02-19,,,Taunton Deane Borough Council,334,,local-authority,some,TAU,,organisation,3315,E3333,,,E07000190,NMD,,,,,http://opendatacommunities.org/id/district-council/taunton-deane,,82564,E12000009,E07000190,,https://www.tauntondeane.gov.uk,Q73072791,
local-authority,,335,2025-02-19,,,Tamworth Borough Council,335,,local-authority,some,TAW,,organisation,3445,E3439,,,E07000199,NMD,,E60000124,staffordshire,,http://opendatacommunities.org/id/district-council/tamworth,,82511,E12000005,E07000199,,https://www.tamworth.gov.uk,Q73072788,Tamworth_Borough_Council
local-authority,,336,2025-02-19,,,Teignbridge District Council,336,,local-authority,some,TEI,,organisation,1130,E1137,,,E07000045,NMD,,E60000305,devon-cornwall-and-isle-of-scilly,,http://opendatacommunities.org/id/district-council/teignbridge,,83135,E12000009,E07000045,,https://www.teignbridge.gov.uk,Q73072792,
local-authority,,337,2025-02-19,,,Tendring District Council,337,,local-authority,some,TEN,,organisation,1560,E1542,,,E07000076,NMD,,E60000164,essex,,http://opendatacommunities.org/id/district-council/tendring,,83228,E12000006,E07000076,,https://www.tendringdc.gov.uk,Q73072799,
local-authority,,338,2025-02-19,,,Test Valley Borough Council,338,,local-authority,some,TES,,organisation,1760,E1742,,,E07000093,NMD,,E60000251,hampshire-and-isle-of-wight,,http://opendatacommunities.org/id/district-council/test-valley,,83261,E12000008,E07000093,,https://www.testvalley.gov.uk,Q73072801,
local-authority,,339,2025-02-19,,,Tewkesbury Borough Council,339,,local-authority,some,TEW,,organisation,1630,E1636,,,E07000083,NMD,,E60000313,gloucestershire,,http://opendatacommunities.org/id/district-council/tewkesbury,,83265,E12000009,E07000083,,https://tewkesbury.gov.uk,Q27183368,Tewkesbury_Borough_Council
local-authority,,340,2025-02-19,,,Telford & Wrekin Council,340,,local-authority,some,TFW,1905-06-20,organisation,3240,E3201,,,E06000020,UA,,E60000116,west-mercia,,http://opendatacommunities.org/id/unitary-authority/telford-and-wrekin,,83204,E12000005,E06000020,,https://www.telford.gov.uk,Q17059334,Telford_and_Wrekin_Council
local-authority,,341,2025-02-19,,,Thanet District Council,341,,local-authority,some,THA,,organisation,2260,E2242,,,E07000114,NMD,,E60000262,kent,,http://opendatacommunities.org/id/district-council/thanet,,83534,E12000008,E07000114,,https://thanet.gov.uk,Q7710261,Thanet_District_Council
local-authority,,342,2025-02-19,,,Three Rivers District Council,342,,local-authority,some,THE,1974-04-01,organisation,1940,E1938,,,E07000102,NMD,,E60000173,hertfordshire,,http://opendatacommunities.org/id/district-council/three-rivers,,83632,E12000006,E07000102,,https://www.threerivers.gov.uk,Q7797746,Three_Rivers_District_Council
local-authority,,343,2025-02-19,,,Thurrock Council,343,,local-authority,some,THR,1905-06-20,organisation,1595,E1502,,,E06000034,UA,,E60000148,essex,,http://opendatacommunities.org/id/unitary-authority/thurrock,,83638,E12000006,E06000034,,https://www.thurrock.gov.uk,Q1646552,Thurrock_Council
local-authority,,344,2025-02-19,,,Torbay Council,344,,local-authority,some,TOB,1905-06-20,organisation,1165,E1102,,,E06000027,UA,,E60000298,devon-cornwall-and-isle-of-scilly,,http://opendatacommunities.org/id/unitary-authority/torbay,,83775,E12000009,E06000027,Torbay_Council,https://www.torbay.gov.uk,Q17034697,Torbay_Council
local-authority,,345,2025-02-19,,,Tonbridge and Malling Borough Council,345,,local-authority,some,TON,,organisation,2265,E2243,,,E07000115,NMD,,E60000263,kent,,http://opendatacommunities.org/id/district-council/tonbridge-and-malling,,83760,E12000008,E07000115,,https://www.tmbc.gov.uk,Q16901812,Tonbridge_and_Malling_Borough_Council
local-authority,,346,2025-02-19,,,Torridge District Council,346,,local-authority,some,TOR,,organisation,1145,E1139,,,E07000046,NMD,,E60000306,devon-cornwall-and-isle-of-scilly,,http://opendatacommunities.org/id/district-council/torridge,,83788,E12000009,E07000046,,https://www.torridge.gov.uk,Q73072804,
local-authority,,347,2025-02-19,,,Trafford Metropolitan Borough Council,347,,local-authority,some,TRF,1974-04-01,organisation,4245,E4209,GMCA,,E08000009,MD,,E60000033,greater-manchester,,http://opendatacommunities.org/id/metropolitan-district-council/trafford,,83935,E12000002,E08000009,,https://www.trafford.gov.uk,Q17034839,Trafford_Council
local-authority,,348,2025-02-19,,,Tunbridge Wells Borough Council,348,,local-authority,some,TUN,,organisation,2270,E2244,,,E07000116,NMD,,E60000264,kent,,http://opendatacommunities.org/id/district-council/tunbridge-wells,,84256,E12000008,E07000116,,https://www.tunbridgewells.gov.uk,Q55098930,Tunbridge_Wells_Borough_Council
local-authority,,349,2025-02-19,,,Tees Valley Combined Authority,349,,local-authority,some,TVCA,2014-04-01,organisation,,,,,E47000006,COMB,,,,,,,428826,E12000001,E47000006,TeesValleyCA,https://teesvalley-ca.gov.uk,Q21061639,Tees_Valley_Combined_Authority
local-authority,,350,2025-02-19,,,London Borough of Tower Hamlets,350,,local-authority,some,TWH,,organisation,5900,E5020,,,E09000030,LBO,,E60000199,london,,http://opendatacommunities.org/id/london-borough-council/tower-hamlets,,83840,E12000007,E09000030,,https://www.towerhamlets.gov.uk,Q7829677,Tower_Hamlets_London_Borough_Council
local-authority,,351,2025-02-19,,,Uttlesford District Council,351,,local-authority,some,UTT,,organisation,1570,E1544,,,E07000077,NMD,,E60000165,essex,,http://opendatacommunities.org/id/district-council/uttlesford,,85475,E12000006,E07000077,,https://www.uttlesford.gov.uk,Q73072805,
local-authority,,352,2025-02-19,,,Vale of White Horse District Council,352,,local-authority,some,VAL,,organisation,3120,E3134,,,E07000180,NMD,,E60000268,thames-valley,,http://opendatacommunities.org/id/district-council/vale-of-white-horse,,85495,E12000008,E07000180,,https://www.whitehorsedc.gov.uk,Q65090041,Vale_of_White_Horse_District_Council
local-authority,,353,2025-02-19,,,Waverley Borough Council,353,,local-authority,some,WAE,,organisation,3650,E3640,,,E07000216,NMD,,E60000279,surrey,,http://opendatacommunities.org/id/district-council/waverley,,87043,E12000008,E07000216,,https://www.waverley.gov.uk/,Q73072816,Waverley_Borough_Council
local-authority,,354,2025-02-19,,,Warwickshire County Council,354,,local-authority,some,WAR,,organisation,,E3720,,,E10000031,CTY,,,,,http://opendatacommunities.org/id/county-council/warwickshire,,,E12000005,E10000031,,https://www.warwickshire.gov.uk,Q17066348,Warwickshire_County_Council
local-authority,,355,2025-02-19,,,Watford Borough Council,355,,local-authority,some,WAT,,organisation,1945,E1939,,,E07000103,NMD,,E60000174,hertfordshire,,http://opendatacommunities.org/id/district-council/watford,,87027,E12000006,E07000103,,https://www.watford.gov.uk,Q7974596,Watford_Borough_Council
local-authority,2019-03-31,356,2025-02-19,,,Waveney District Council,356,,local-authority,some,WAV,,organisation,3535,E3537,,,E07000206,NMD,,,,,http://opendatacommunities.org/id/district-council/waveney,,87040,E12000006,E07000206,,https://www.waveney.gov.uk,Q73072811,
local-authority,,357,2025-02-19,,,Warwick District Council,357,,local-authority,some,WAW,,organisation,3725,E3735,,,E07000222,NMD,,E60000129,warwickshire,,http://opendatacommunities.org/id/district-council/warwick,,86093,E12000005,E07000222,,https://www.warwickdc.gov.uk,Q73072810,
local-authority,,358,2025-02-19,,,West Berkshire Council,358,,local-authority,some,WBK,1905-06-20,organisation,340,E0302,,,E06000037,UA,,E60000230,thames-valley,,http://opendatacommunities.org/id/unitary-authority/west-berkshire,,94368,E12000008,E06000037,WestBerkshire,https://www.westberks.gov.uk,Q17041496,West_Berkshire_Council
local-authority,,359,2025-02-19,,,West Devon Borough Council,359,,local-authority,some,WDE,,organisation,1150,E1140,,,E07000047,NMD,,E60000307,devon-cornwall-and-isle-of-scilly,,http://opendatacommunities.org/id/district-council/west-devon,,94385,E12000009,E07000047,,https://www.westdevon.gov.uk,Q73072823,
local-authority,2019-03-31,360,2025-02-19,,,West Dorset District Council,360,,local-authority,some,WDO,,organisation,1230,E1237,,,E07000052,NMD,,,,,http://opendatacommunities.org/id/district-council/west-dorset,,94388,E12000009,E07000052,,https://www.dorsetforyou.com,Q73072826,
local-authority,,361,2025-02-19,,,Wealden District Council,361,,local-authority,some,WEA,,organisation,1435,E1437,,,E07000065,NMD,,E60000241,sussex,,http://opendatacommunities.org/id/district-council/wealden,,87054,E12000008,E07000065,,https://www.wealden.gov.uk,Q73072817,
local-authority,,362,2025-02-19,,,West of England Combined Authority,362,,local-authority,some,WECA,2017-02-09,organisation,,,,,E47000009,COMB,,,,,,,433447,E12000005,E47000009,WestofEnglandCA,https://www.westofengland-ca.gov.uk,Q24993670,West_of_England_Combined_Authority
local-authority,2021-03-31,363,2025-02-19,,,Wellingborough Borough Council,363,,local-authority,some,WEL,1974-04-01,organisation,2835,E2837,,,E07000156,NMD,,E60000105,northamptonshire,,http://opendatacommunities.org/id/district-council/wellingborough,,87107,E12000004,E07000156,,https://www.wellingborough.gov.uk,Q73072820,
local-authority,,364,2025-02-19,,,Welwyn Hatfield Borough Council,364,,local-authority,some,WEW,,organisation,1950,E1940,,,E07000241,NMD,,E60000175,hertfordshire,,http://opendatacommunities.org/id/district-council/welwyn-hatfield,,94325,E12000006,E07000241,,https://www.welhat.gov.uk,Q7982137,Welwyn_Hatfield_Borough_Council
local-authority,2019-03-31,365,2025-02-19,,,Weymouth and Portland Borough Council,365,,local-authority,some,WEY,,organisation,1235,E1238,,,E07000053,NMD,,,,,http://opendatacommunities.org/id/district-council/weymouth-and-portland,,94732,E12000009,E07000053,,https://www.dorsetforyou.com,Q73072840,
local-authority,,366,2025-02-19,,,London Borough of Waltham Forest,366,,local-authority,some,WFT,,organisation,5930,E5049,,,E09000031,LBO,,E60000220,london,,http://opendatacommunities.org/id/london-borough-council/waltham-forest,,86024,E12000007,E09000031,,https://www.walthamforest.gov.uk/,Q7966606,Waltham_Forest_London_Borough_Council
local-authority,,367,2025-02-19,,,Wigan Metropolitan Borough Council,367,,local-authority,some,WGN,1974-04-01,organisation,4250,E4210,GMCA,,E08000010,MD,,E60000034,greater-manchester,,http://opendatacommunities.org/id/metropolitan-district-council/wigan,,94803,E12000002,E08000010,WiganCouncil,https://www.wigan.gov.uk,Q7999507,Wigan_Metropolitan_Borough_Council
local-authority,,368,2025-02-19,,,Wiltshire Council,368,,local-authority,some,WIL,2009-04-01,organisation,3940,E3902,,,E06000054,UA,,E60000299,wiltshire-and-swindon,,http://opendatacommunities.org/id/unitary-authority/wiltshire,,86185,E12000009,E06000054,wiltscouncil,https://wiltshire.gov.uk,Q1990879,Wiltshire_Council
local-authority,,369,2025-02-19,,,Winchester City Council,369,,local-authority,some,WIN,,organisation,1765,E1743,,,E07000094,NMD,,E60000252,hampshire-and-isle-of-wight,,http://opendatacommunities.org/id/district-council/winchester,,86201,E12000008,E07000094,,https://www.winchester.gov.uk,Q73072843,
local-authority,,370,2025-02-19,,,Wakefield Metropolitan District Council,370,,local-authority,some,WKF,1974-04-01,organisation,4725,E4705,WYCA,,E08000036,MD,,E60000072,west-yorkshire,,http://opendatacommunities.org/id/metropolitan-district-council/wakefield,,85898,E12000003,E08000036,,https://www.wakefield.gov.uk,Q7961061,Wakefield_Council
local-authority,,371,2025-02-19,,,West Lancashire Borough Council,371,,local-authority,some,WLA,,organisation,2365,E2343,,,E07000127,NMD,,E60000045,lancashire,,http://opendatacommunities.org/id/district-council/west-lancashire,,94446,E12000002,E07000127,,https://www.westlancs.gov.uk,Q73072828,
local-authority,,372,2025-02-19,,,West Lindsey District Council,372,,local-authority,some,WLI,,organisation,2535,E2537,,,E07000142,NMD,,E60000098,lincolnshire,,http://opendatacommunities.org/id/district-council/west-lindsey,,94451,E12000004,E07000142,,https://www.west-lindsey.gov.uk,Q73072831,
local-authority,,373,2025-02-19,,,Walsall Metropolitan Borough Council,373,,local-authority,some,WLL,1974-04-01,organisation,4630,E4606,WMCA,,E08000030,MD,,E60000135,west-midlands,,http://opendatacommunities.org/id/metropolitan-district-council/walsall,,86014,E12000005,E08000030,WalsallCouncil,https://www.walsall.gov.uk,Q7963789,Walsall_Council
local-authority,,374,2025-02-19,,,City of Wolverhampton Council,374,,local-authority,some,WLV,1974-04-01,organisation,4635,E4607,WMCA,,E08000031,MD,,E60000136,west-midlands,,http://opendatacommunities.org/id/metropolitan-district-council/wolverhampton,,86288,E12000005,E08000031,WolvesCouncil,https://www.wolverhampton.gov.uk,Q8030462,City_of_Wolverhampton_Council
local-authority,,375,2025-02-19,,,West Midlands Combined Authority,375,,local-authority,some,WMCA,2016-06-17,organisation,,,,,E47000007,COMB,,,,,,,420895,E12000005,E47000007,WestMids_CA,https://www.wmca.org.uk,Q21061625,West_Midlands_Combined_Authority
local-authority,,376,2025-02-19,,,London Borough of Wandsworth,376,,local-authority,some,WND,,organisation,5960,E5021,,,E09000032,LBO,,E60000200,london,,http://opendatacommunities.org/id/london-borough-council/wandsworth,,86038,E12000007,E09000032,WBC_Help,https://www.wandsworth.gov.uk,Q7967311,Wandsworth_London_Borough_Council
local-authority,,377,2025-02-19,,,Royal Borough of Windsor and Maidenhead,377,,local-authority,some,WNM,1905-06-20,organisation,355,E0305,,,E06000040,UA,,E60000231,thames-valley,,http://opendatacommunities.org/id/unitary-authority/windsor-and-maidenhead,,41858,E12000008,E06000040,,https://www.rbwm.gov.uk/,Q17038560,Windsor_and_Maidenhead_Borough_Council
local-authority,,378,2025-02-19,,,Worcester City Council,378,,local-authority,some,WOC,,organisation,1835,E1837,,,E07000237,NMD,,E60000140,west-mercia,,http://opendatacommunities.org/id/district-council/worcester,,86420,E12000005,E07000237,,https://www.worcester.gov.uk,Q73072848,
local-authority,,379,2025-02-19,,,Woking Borough Council,379,,local-authority,some,WOI,,organisation,3655,E3641,,,E07000217,NMD,,E60000280,surrey,,http://opendatacommunities.org/id/district-council/woking,,86275,E12000008,E07000217,,https://www.woking.gov.uk,Q73072846,Woking_Borough_Council
local-authority,,380,2025-02-19,,,Wokingham Borough Council,380,,local-authority,some,WOK,1905-06-20,organisation,360,E0306,,,E06000041,UA,,E60000232,thames-valley,,http://opendatacommunities.org/id/unitary-authority/wokingham,,86278,E12000008,E06000041,wokinghambc,https://www.wokingham.gov.uk,Q17039435,Wokingham_Borough_Council
local-authority,,381,2025-02-19,,,Worcestershire County Council,381,,local-authority,some,WOR,,organisation,,E1821,,,E10000034,CTY,,,,,http://opendatacommunities.org/id/county-council/worcestershire,,,E12000005,E10000034,,https://www.worcestershire.gov.uk,Q8034245,Worcestershire_County_Council
local-authority,,382,2025-02-19,,,Worthing Borough Council,382,,local-authority,some,WOT,1905-06-25,organisation,3835,E3837,,,E07000229,NMD,,E60000287,sussex,,http://opendatacommunities.org/id/district-council/worthing,,86609,E12000008,E07000229,,https://www.adur-worthing.gov.uk,Q55098923,Worthing_Borough_Council
local-authority,,383,2025-02-19,,,West Oxfordshire District Council,383,,local-authority,some,WOX,,organisation,3125,E3135,,,E07000181,NMD,,E60000269,thames-valley,,http://opendatacommunities.org/id/district-council/west-oxfordshire,,94543,E12000008,E07000181,,https://www.westoxon.gov.uk,Q73072833,
local-authority,,384,2025-02-19,,,Wirral Borough Council,384,,local-authority,some,WRL,1974-04-01,organisation,4325,E4305,LCR,,E08000015,MD,,E60000051,merseyside,,http://opendatacommunities.org/id/metropolitan-district-council/wirral,,86247,E12000002,E08000015,wirralcouncil,https://www.wirral.gov.uk,Q17038877,Wirral_Council
local-authority,,385,2025-02-19,,,Warrington Borough Council,385,,local-authority,some,WRT,1905-06-20,organisation,655,E0602,,,E06000007,UA,,E60000018,cheshire,,http://opendatacommunities.org/id/unitary-authority/warrington,,86081,E12000002,E06000007,,https://www.warrington.gov.uk,Q17033474,Warrington_Borough_Council
local-authority,,386,2025-02-19,,,West Suffolk Council,386,,local-authority,some,WSK,2019-04-01,organisation,,,,,E07000245,NMD,,E60000187,suffolk,,http://opendatacommunities.org/id/district-council/west-suffolk,,444761,E12000006,E07000245,,https://www.westsuffolk.gov.uk,Q73072837,West_Suffolk_Council
local-authority,,387,2025-02-19,,,City of Westminster,387,,local-authority,some,WSM,,organisation,5990,E5022,,,E09000033,LBO,,E60000201,london,,http://opendatacommunities.org/id/london-borough-council/westminster,,94689,E12000007,E09000033,,https://www.westminster.gov.uk,Q7989145,Westminster_City_Council
local-authority,2019-03-31,388,2025-02-19,,,West Somerset District Council,388,,local-authority,some,WSO,,organisation,3320,E3335,,,E07000191,NMD,,,,,http://opendatacommunities.org/id/district-council/west-somerset,,94548,E12000009,E07000191,,https://www.westsomersetonline.gov.uk,Q73072834,
local-authority,,389,2025-02-19,,,West Sussex County Council,389,,local-authority,some,WSX,,organisation,,E3820,,,E10000032,CTY,,,,,http://opendatacommunities.org/id/county-council/west-sussex,,,E12000008,E10000032,,https://www.westsussex.gov.uk,Q6386353,West_Sussex_County_Council
local-authority,,390,2025-02-19,,,Wychavon District Council,390,,local-authority,some,WYC,,organisation,1840,E1838,,,E07000238,NMD,,E60000141,west-mercia,,http://opendatacommunities.org/id/district-council/wychavon,,86662,E12000005,E07000238,,https://www.wychavon.gov.uk,Q73072850,
local-authority,,391,2025-02-19,,,West Yorkshire Combined Authority,391,,local-authority,some,WYCA,2014-04-01,organisation,,,,,E47000003,COMB,,,,,,,401709,E12000003,E47000003,WestYorkshireCA,https://www.westyorks-ca.gov.uk/,Q17035952,West_Yorkshire_Combined_Authority
local-authority,,392,2025-02-19,,,Wyre Forest District Council,392,,local-authority,some,WYE,,organisation,1845,E1839,,,E07000239,NMD,,E60000142,west-mercia,,http://opendatacommunities.org/id/district-council/wyre-forest,,86677,E12000005,E07000239,,https://www.wyreforestdc.gov.uk,Q73072859,Wyre_Forest_District_Council
local-authority,2020-03-31,393,2025-02-19,,,Wycombe District Council,393,,local-authority,some,WYO,,organisation,425,E0435,,,E07000007,NMD,,E60000236,thames-valley,,http://opendatacommunities.org/id/district-council/wycombe,,86663,E12000008,E07000007,,https://www.wycombe.gov.uk,Q65088676,Wycombe_District_Council
local-authority,,394,2025-02-19,,,Wyre Borough Council,394,,local-authority,some,WYR,,organisation,2370,E2344,,,E07000128,NMD,,E60000046,lancashire,,http://opendatacommunities.org/id/district-council/wyre,,86676,E12000002,E07000128,,https://www.wyre.gov.uk,Q73072856,
local-authority,,395,2025-02-19,,,City of York Council,395,,local-authority,some,YOR,1905-06-18,organisation,2741,E2701,YNYCA,,E06000014,UA,,E60000056,north-yorkshire,,http://opendatacommunities.org/id/unitary-authority/york,,20574,E12000003,E06000014,CityofYork,https://www.york.gov.uk,Q17059453,City_of_York_Council
local-authority,,10000,2025-02-19,,,Cumberland Council,10000,,local-authority,some,CUA,2023-04-01,organisation,,,,,E06000063,UA,,E60000334,,,,,,spatial-geography:E12000002,E06000063,,https://www.cumberland.gov.uk/,Q112160997,
local-authority,,10001,2025-02-19,,,Westmorland and Furness Council,10001,,local-authority,some,WFUA,2023-04-01,organisation,,,,,E06000064,UA,,E60000335,,,,,,E12000002,E06000064,,https://www.westmorlandandfurness.gov.uk/,Q111962803,Westmorland_and_Furness_Council
local-authority,,10003,2025-02-19,,,Somerset Council,10003,,local-authority,some,SUA,2023-04-01,organisation,,,,,E06000066,UA,,E60000337,,,,,,E12000009,E06000066,,https://www.somerset.gov.uk/,Q110682463,
local-authority,,10004,2025-02-19,,,North Yorkshire Council,10004,,local-authority,some,NYUA,2023-04-01,organisation,,,YNYCA,,E06000065,UA,,E60000336,,,,,,E12000003,E06000065,,https://www.northyorks.gov.uk/,Q107980431,
local-authority,,10005,2025-02-19,,,York and North Yorkshire Combined Authority,10005,,local-authority,some,YNYCA,2024-02-01,organisation,,,,,E47000012,COMB,,,,,,,549922,E12000003,E47000012,YNYCombined,https://yorknorthyorks-ca.gov.uk/,Q123082103,York_and_North_Yorkshire_Combined_Authority
local-authority,,10006,2025-02-19,,,North East Combined Authority,10006,,local-authority,some,NNECA,2024-05-07,organisation,,,,,E47000014,COMB,,,,,,,527515,E12000001,E47000014,NorthEast_CA,https://www.northeast-ca.gov.uk/,Q116179003,North_East_Combined_Authority
local-authority,,10007,2025-02-19,,,East Midlands Combined County Authority,10007,,local-authority,some,EMCCA,2024-02-28,organisation,,,,,E47000013,COMB,,,,,,,524490,E12000004,E47000013,eastmidscca,https://www.eastmidlands-cca.gov.uk/,Q121568187,East_Midlands_Combined_County_Authority
local-authority,,501908,2025-02-19,,,North Northamptonshire Council,501908,,local-authority,some,NNUA,2020-04-01,organisation,,,,,E06000061,UA,,E60000332,,,,,,E12000004,E06000061,,https://www.northnorthants.gov.uk/,Q111232446,
local-authority,,501909,2025-02-19,,,West Northamptonshire Council,501909,,local-authority,some,WNUA,2020-04-01,organisation,,,,,E06000062,UA,,E60000333,,,,,493012,E12000004,E06000062,westnorthants,https://www.westnorthants.gov.uk/,Q111232469,West_Northamptonshire
